Date;Close;Returns;Z_score
2008-01-13;18.566457748413086;-0.016294719958154347;-0.4733052331254856
2008-01-20;17.36301612854004;-0.0648180517888991;-1.5448548290741704
2008-01-27;18.406002044677734;0.06006939741438777;1.2130575129643995
2008-02-03;18.506288528442383;0.005448575063787153;0.006855920618537128
2008-02-10;16.7746639251709;-0.09356952371136673;-2.1797788328279597
2008-02-17;16.53397560119629;-0.014348324654865352;-0.4303226302805126
2008-02-24;16.60752296447754;0.0044482564299859195;-0.015234298404520438
2008-03-02;16.55403709411621;-0.0032205808461460705;-0.18458663210862836
2008-03-09;15.932254791259766;-0.03756076534813646;-0.9429271961132645
2008-03-16;15.83197021484375;-0.006294437148408605;-0.25246716203973185
2008-03-23;15.377335548400879;-0.02871624063672218;-0.7476119421250952
2008-03-30;15.952312469482422;0.03739119298475191;0.7122505840795038
2008-04-06;17.5301570892334;0.09891008734749107;2.070783560082508
2008-04-13;16.750940322875977;-0.04445007323043315;-1.095065039891001
2008-04-20;18.839719772338867;0.12469625043140664;2.6402241073643276
2008-04-27;19.93157958984375;0.057955204785369974;1.166369411139819
2008-05-04;19.61284065246582;-0.015991654647399045;-0.46661258653603316
2008-05-11;19.76881980895996;0.007952909996978397;0.06215960617627443
2008-05-18;20.453773498535156;0.03464818315885254;0.6516761972901077
2008-05-25;20.012958526611328;-0.021551767548193435;-0.589397574859945
2008-06-01;20.135032653808594;0.0060997541685274825;0.021236027677315257
2008-06-08;19.76203155517578;-0.018524981063899992;-0.5225564963128085
2008-06-15;18.500629425048828;-0.06382957777418308;-1.5230261769368987
2008-06-22;17.680038452148438;-0.04435475972451808;-1.0929602143380481
2008-06-29;16.669553756713867;-0.05715398742878741;-1.3756078965459522
2008-07-06;16.174488067626953;-0.029698796759182633;-0.76930990836723
2008-07-13;15.381024360656738;-0.04905649586266181;-1.1967895118945082
2008-07-20;15.957467079162598;0.03747752457764442;0.7141570604073094
2008-07-27;15.523438453674316;-0.02719909264641629;-0.7141084860624062
2008-08-03;15.252169609069824;-0.01747479113045891;-0.4993649602745691
2008-08-10;16.26264762878418;0.06625142819769492;1.3495764274342805
2008-08-17;16.71702766418457;0.02794010211450182;0.5035404188621588
2008-08-24;15.991376876831055;-0.04340788338277313;-1.0720501712076773
2008-08-31;16.03884506225586;0.002968361373158368;-0.04791509113576598
2008-09-07;14.892732620239258;-0.07145853941277502;-1.6914979296569292
2008-09-14;14.207780838012695;-0.04599235074533681;-1.1291234358333964
2008-09-21;13.96363353729248;-0.017184055941164456;-0.4929446020085041
2008-09-28;12.729353904724121;-0.08839243949449016;-2.065452336862333
2008-10-05;11.373004913330078;-0.10655285425685856;-2.466492091691092
2008-10-12;10.023432731628418;-0.1186645211170051;-2.7339562422470514
2008-10-19;10.389647483825684;0.036535861715487394;0.693362147498528
2008-10-26;10.6270112991333;0.02284618565520513;0.391050531671493
2008-11-02;11.542547225952148;0.08615177880666369;1.7890395032316946
2008-11-09;11.237367630004883;-0.0264395362629406;-0.6973350637703712
2008-11-16;10.220105171203613;-0.09052497811721294;-2.112545576615414
2008-11-23;9.345260620117188;-0.08560034720106469;-2.003794052981344
2008-11-30;10.396430969238281;0.112481651593352;2.3704868911474533
2008-12-07;9.609745979309082;-0.07566875519655736;-1.7844728934888696
2008-12-14;10.891499519348145;0.13338058496018834;2.8320018523027546
2008-12-21;11.807038307189941;0.08405993924118471;1.7428450281903447
2008-12-28;11.793471336364746;-0.001149057915475149;-0.13884081302304738
2009-01-04;12.254631042480469;0.039102965781902865;0.7500519752853084
2009-01-11;12.024053573608398;-0.018815537413797045;-0.5289729052358092
2009-01-18;11.217024803161621;-0.06711786216739135;-1.5956419615494908
2009-01-25;11.000006675720215;-0.019347209375897734;-0.5407139142447014
2009-02-01;11.217024803161621;0.01972890870333921;0.32221113560768794
2009-02-08;11.779911041259766;0.05018142047252039;0.994699512863208
2009-02-15;12.030834197998047;0.021300938170025985;0.3569265493332624
2009-02-22;10.633792877197266;-0.11612173335688158;-2.6778033958916576
2009-03-01;10.260796546936035;-0.03507650887775615;-0.8880669069155993
2009-03-08;9.921708106994629;-0.03304698990865973;-0.8432486689823266
2009-03-15;11.101733207702637;0.11893366424236085;2.51296786444947
2009-03-22;11.46116828918457;0.032376483451480365;0.601509837897428
2009-03-29;11.82738208770752;0.03195257143798602;0.5921485115078446
2009-04-05;12.674654960632324;0.07163655208242536;1.468497101367894
2009-04-12;13.205060005187988;0.04184769101826524;0.8106642437971495
2009-04-19;13.811241149902344;0.045905216975629104;0.9002673303149991
2009-04-26;13.845682144165039;0.002493692919331769;-0.05839728126404581
2009-05-03;14.568968772888184;0.052239147280147336;1.0401406696447866
2009-05-10;13.666583061218262;-0.06193888707821227;-1.4812737091055823
2009-05-17;13.198175430297852;-0.03427393876159235;-0.8703436045113956
2009-05-24;13.687247276306152;0.037056019492329506;0.7048488866521566
2009-05-31;14.09366226196289;0.029692967289359773;0.5422492605472936
2009-06-07;14.451862335205078;0.025415684481735257;0.4477932433831079
2009-06-14;14.658513069152832;0.014299245948693251;0.20230690167806167
2009-06-21;14.245208740234375;-0.02819551525919839;-0.7361126685419835
2009-06-28;14.520747184753418;0.01934253471069236;0.3136787681859709
2009-07-05;15.20269775390625;0.04696387592705076;0.9236458892235314
2009-07-12;14.630961418151855;-0.03760755788277714;-0.9439605241988653
2009-07-19;16.14640998840332;0.10357819468865026;2.1738702267753927
2009-07-26;16.84213638305664;0.04308861196718072;0.8380677276727585
2009-08-02;17.413875579833984;0.03394695208337817;0.6361907834233886
2009-08-09;17.6962947845459;0.01621805573475954;0.24468032850978952
2009-08-16;17.61363983154297;-0.0046707491036548365;-0.21661096250315717
2009-08-23;18.020055770874023;0.023073932657759588;0.39607991030973244
2009-08-30;19.197967529296875;0.06536670992587723;1.3300390323106013
2009-09-06;18.92243003845215;-0.014352430298897323;-0.43041329596725714
2009-09-13;20.238117218017578;0.06953056118542023;1.4219901198887777
2009-09-20;20.203672409057617;-0.0017019769472080837;-0.15105102494980474
2009-09-27;20.176122665405273;-0.0013636007897254165;-0.14357860248520632
2009-10-04;19.50105857849121;-0.033458563774076966;-0.8523375297952901
2009-10-11;20.610090255737305;0.05687033207875736;1.1424119690894377
2009-10-18;20.83051872253418;0.010695172319078683;0.1227174857028
2009-10-25;20.69275665283203;-0.006613472834602008;-0.2595124853457697
2009-11-01;18.55734634399414;-0.10319602867149347;-2.3923626994182166
2009-11-08;19.749042510986328;0.06421694917484078;1.3046486557282961
2009-11-15;20.444766998291016;0.035228264201550896;0.6644862328641091
2009-11-22;20.85807228088379;0.020215700312325557;0.3329610435847413
2009-11-29;21.326486587524414;0.022457219455986;0.38246092007876903
2009-12-06;22.614620208740234;0.06040064855171012;1.2203725923079496
2009-12-13;22.39418601989746;-0.009747419448484895;-0.3287200005993531
2009-12-20;23.02103042602539;0.027991390514081393;0.5046730299540362
2009-12-27;23.82008934020996;0.03470995430687718;0.6530403008297816
2010-01-03;23.48255157470703;-0.014170298048930552;-0.42639123623850905
2010-01-10;23.60654640197754;0.005280296175482979;0.0031397872046568377
2010-01-17;22.5526180267334;-0.04464559776333277;-1.0993828438488462
2010-01-24;22.545738220214844;-0.0003050557815682531;-0.12020255980658681
2010-01-31;21.98776626586914;-0.02474844464597825;-0.659990378842531
2010-02-07;21.40914535522461;-0.02631558402286205;-0.6945978038221797
2010-02-14;21.66401481628418;0.011904700389984146;0.14942771492177012
2010-02-21;21.90511131286621;0.011128892711096405;0.13229541230607633
2010-02-28;21.236934661865234;-0.030503230111801116;-0.7870743569622421
2010-03-07;22.952146530151367;0.0807655104465761;1.670093555639817
2010-03-14;23.72364044189453;0.03361314858850695;0.6288193399020912
2010-03-21;23.158796310424805;-0.02380933621267689;-0.6392518758525431
2010-03-28;24.384933471679688;0.052944770739355995;1.055723081323448
2010-04-04;24.756576538085938;0.015240684041146535;0.2230968509564382
2010-04-11;24.971858978271484;0.008695969729673791;0.0785687299172578
2010-04-18;24.2565860748291;-0.02864315804701434;-0.7459980459535487
2010-04-25;24.749629974365234;0.02032618679376985;0.3354009367265064
2010-05-02;22.930219650268555;-0.07351262729912156;-1.7368587274754976
2010-05-09;21.13163185119629;-0.07843744309929457;-1.8456143339372415
2010-05-16;21.256629943847656;0.00591521248957827;0.017160760088447264
2010-05-23;20.06914520263672;-0.05586420539605019;-1.3471254044355125
2010-05-30;19.62470817565918;-0.022145289322992645;-0.6025044245748666
2010-06-06;19.51359748840332;-0.005661775261130875;-0.23849597407495482
2010-06-13;20.263587951660156;0.038434248923221226;0.7352845788042951
2010-06-20;21.4649600982666;0.05928723725888929;1.1957849274479095
2010-06-27;20.583024978637695;-0.041087200516162437;-1.0208021077664502
2010-07-04;19.49970817565918;-0.05263156431587912;-1.2757384012637794
2010-07-11;20.86774253845215;0.07015665826736006;1.4358163360587108
2010-07-18;21.471906661987305;0.02895205949670343;0.5258876584910823
2010-07-25;21.978839874267578;0.02360913822235089;0.407898952507571
2010-08-01;22.35383415222168;0.017061604711590794;0.2633085745758137
2010-08-08;22.610776901245117;0.01149434800642024;0.1403658283155854
2010-08-15;19.777481079101562;-0.12530731847553334;-2.880650349121837
2010-08-22;19.714984893798828;-0.0031599668862165586;-0.1832480829649324
2010-08-29;18.27750587463379;-0.07291301651553306;-1.7236174130677835
2010-09-05;18.41639518737793;0.007598920426932887;0.05434238987143742
2010-09-12;18.388614654541016;-0.0015084674581675728;-0.1467777195733958
2010-09-19;19.70109748840332;0.07137475326550446;1.4627157502960022
2010-09-26;20.284421920776367;0.02960872777348622;0.5403889839382577
2010-10-03;20.7774658203125;0.024306529486607165;0.42329957112210864
2010-10-10;20.485811233520508;-0.014037062523133303;-0.4234489717968989
2010-10-17;22.513553619384766;0.09898277216116802;2.0723886720933407
2010-10-24;22.47188949584961;-0.0018506240391691353;-0.1543336258207715
2010-10-31;23.02743911743164;0.02472198084120336;0.4324740592365423
2010-11-07;23.749645233154297;0.03136284986097082;0.5791255822544072
2010-11-14;22.40938949584961;-0.05643266348390341;-1.3596787681756117
2010-11-21;22.83993911743164;0.019212911697651158;0.31081627952310575
2010-11-28;24.020479202270508;0.05168753203627707;1.0279592495034393
2010-12-05;24.221860885620117;0.008383749618557701;0.07167391620000353
2010-12-12;25.97183609008789;0.07224776051400283;1.481994528753585
2010-12-19;25.92323875427246;-0.0018711551869825538;-0.15478701890640234
2010-12-26;26.291276931762695;0.014197229789799204;0.20005406021563987
2011-01-02;26.624603271484375;0.012678210365620668;0.16650927693706485
2011-01-09;25.221843719482422;-0.052686589831907216;-1.276953539780492
2011-01-16;26.027393341064453;0.03193857001658418;0.5918393155627232
2011-01-23;27.04821014404297;0.03922086202032116;0.7526554994431641
2011-01-30;29.221792221069336;0.08035955301482578;1.6611287235569385
2011-02-06;30.159273147583008;0.03208156842063015;0.5949971754271539
2011-02-13;30.23567008972168;0.0025331161584971618;-0.057526690675872336
2011-02-20;31.124534606933594;0.02939787722826348;0.5357327328521394
2011-02-27;30.228717803955078;-0.02878169310133094;-0.7490573408510113
2011-03-06;31.610647201538086;0.045715779496350306;0.8960839478736038
2011-03-13;28.63152313232422;-0.09424432376281466;-2.1946805655654678
2011-03-20;28.395418167114258;-0.008246329198721702;-0.29557115055280486
2011-03-27;29.8953914642334;0.052824483453330906;1.0530667552247466
2011-04-03;30.763439178466797;0.029036171520681497;0.5277451196733134
2011-04-10;29.74955940246582;-0.03295729616312382;-0.8412679456238529
2011-04-17;27.805143356323242;-0.06535949053354428;-1.5568115197251595
2011-04-24;28.31208038330078;0.018231771743850933;0.28914958679205127
2011-05-01;29.385984420776367;0.03793094760033955;0.7241700838010359
2011-05-08;28.872289657592773;-0.017480944515182006;-0.4995008465928613
2011-05-15;27.8941650390625;-0.0338776255756027;-0.8615917480684449
2011-05-22;27.88712501525879;-0.00025238338533717375;-0.11903938566397156
2011-05-29;26.775310516357422;-0.03986838006044091;-0.9938866731170332
2011-06-05;26.90900421142578;0.004993170666935276;-0.0032008578224414536
2011-06-12;26.507902145385742;-0.01490586804656735;-0.44263496279275766
2011-06-19;24.89645767211914;-0.060791097855592;-1.455926870145243
2011-06-26;24.678308486938477;-0.008762257990821087;-0.3069645002642544
2011-07-03;26.008281707763672;0.05389239791410794;1.0766497052361952
2011-07-10;26.346052169799805;0.012987034892632199;0.17332910535059054
2011-07-17;24.15054702758789;-0.08333336349833076;-1.9537318379801134
2011-07-24;26.0856876373291;0.08012823094775623;1.6560203961162963
2011-07-31;25.142745971679688;-0.03614785543548593;-0.9117256485506694
2011-08-07;23.517230987548828;-0.06465145000318617;-1.541175731423009
2011-08-14;24.502391815185547;0.04189102144543755;0.8116211175314331
2011-08-21;23.25687026977539;-0.050832651555193675;-1.236012682333694
2011-08-28;24.270174026489258;0.043570082515821396;0.8487001297027076
2011-09-04;24.361648559570312;0.0037690101843199653;-0.030234217260707588
2011-09-11;23.995742797851562;-0.015019745516155036;-0.44514973974480176
2011-09-18;25.69866371154785;0.07096762655118805;1.4537250967327353
2011-09-25;24.75572395324707;-0.036692170802525625;-0.9237458641791948
2011-10-02;25.311630249023438;0.02245566709445601;0.3824266389956804
2011-10-09;25.03719711303711;-0.010842175446084346;-0.35289569716903535
2011-10-16;28.189722061157227;0.1259136529495375;2.6671082294390502
2011-10-23;28.337486267089844;0.0052417759072631576;0.0022891370887340116
2011-10-30;30.596323013305664;0.07971196615414522;1.646827944679585
2011-11-06;29.68153190612793;-0.02989872694113971;-0.7737250030775712
2011-11-13;29.2452449798584;-0.014698935609164354;-0.4380652359969699
2011-11-20;26.993440628051758;-0.07699728121127003;-1.8138109760269423
2011-11-27;25.83940315246582;-0.04275251500865196;-1.0575775517483077
2011-12-04;27.81675910949707;0.07652483090897366;1.5764458551703582
2011-12-11;29.273395538330078;0.05236542557309232;1.0429292962431058
2011-12-18;27.683059692382812;-0.05432700295614523;-1.313179082300893
2011-12-25;29.02710723876953;0.04855126425048106;0.9587004753867112
2012-01-01;29.407093048095703;0.01309072262008426;0.17561886036666502
2012-01-08;28.977846145629883;-0.014596713172695508;-0.43580783926920275
2012-01-15;29.048213958740234;0.002428331379658477;-0.05984067207801138
2012-01-22;29.970050811767578;0.0317347171270741;0.587337594985302
2012-01-29;30.335966110229492;0.012209365301384167;0.1561556857843065
2012-02-05;31.264829635620117;0.030619216873314148;0.5627037992194521
2012-02-12;31.84185028076172;0.018455902426674387;0.29409910558142266
2012-02-19;32.8270149230957;0.030939302636229238;0.5697723115614524
2012-02-26;32.587772369384766;-0.007287977730275341;-0.27440770010441945
2012-03-04;31.94036102294922;-0.01986669536957275;-0.5521858182880005
2012-03-11;32.594791412353516;0.020489135640454625;0.338999365858175
2012-03-18;33.81216812133789;0.03734881115155675;0.7113146583192067
2012-03-25;33.63625717163086;-0.005202593015501411;-0.22835576870968138
2012-04-01;34.93103790283203;0.03849360303658278;0.7365953065262147
2012-04-08;33.769954681396484;-0.0332392992348336;-0.8474954709430321
2012-04-15;34.262535095214844;0.014586351046829149;0.20864709597830963
2012-04-22;34.89585494995117;0.0184843256045224;0.2947267798071921
2012-04-29;35.958431243896484;0.030449928665433168;0.558965376817081
2012-05-06;35.412353515625;-0.015186361289445172;-0.4488291462861844
2012-05-13;34.47970199584961;-0.026336897358823608;-0.6950684701114936
2012-05-20;32.15873718261719;-0.06731394643468214;-1.5999721262240898
2012-05-27;32.90629959106445;0.023246012559577256;0.39987998219899995
2012-06-03;32.6143913269043;-0.008870893044425565;-0.30936350798700907
2012-06-10;33.703678131103516;0.03339896162037648;0.6240894099797551
2012-06-17;35.41947937011719;0.05090842703693643;1.010754131558177
2012-06-24;35.93208312988281;0.014472368563330784;0.20612999998490317
2012-07-01;34.94247817993164;-0.027540984650794464;-0.7216585496159026
2012-07-08;36.8647346496582;0.055012024614515376;1.101374626076746
2012-07-15;36.44468307495117;-0.01139440114513146;-0.3650905981035068
2012-07-22;39.4918212890625;0.08360995231717783;1.7329078847912953
2012-07-29;40.68077850341797;0.03010641635524558;0.5513795317545686
2012-08-05;41.37849044799805;0.01715089952178417;0.2652804881722828
2012-08-12;41.00827407836914;-0.008947072878218498;-0.31104580116516495
2012-08-19;41.100833892822266;0.002257100951779556;-0.06362198487919711
2012-08-26;41.129310607910156;0.0006928500565741569;-0.09816562299057838
2012-09-02;40.4173583984375;-0.017310093433361096;-0.4957279109599336
2012-09-09;40.45295715332031;0.0008807788607032574;-0.09401555689795972
2012-09-16;39.98306655883789;-0.011615729171578049;-0.36997822532041386
2012-09-23;38.829715728759766;-0.02884598229555224;-0.7504770508645774
2012-09-30;38.217437744140625;-0.01576828398374419;-0.46167985138872214
2012-10-07;39.61997604370117;0.036698909773865696;0.6969627675401383
2012-10-14;37.76179122924805;-0.046900200353567345;-1.1491716444822764
2012-10-21;37.149513244628906;-0.01621421984201077;-0.47152753436340644
2012-10-28;38.68020248413086;0.041203480363858125;0.796438022299342
2012-11-04;40.075626373291016;0.036075919967912595;0.6832051699131299
2012-11-11;39.42775344848633;-0.01616625823312079;-0.47046838939771507
2012-11-18;39.093135833740234;-0.008486854702063673;-0.3008827191569653
2012-11-25;39.59151077270508;0.012748400156088469;0.16805929089484176
2012-12-02;55.60889434814453;0.40456611184643276;8.820641354134473
2012-12-09;55.689029693603516;0.0014410526660948442;-0.08164292816170313
2012-12-16;56.659461975097656;0.017425914705883283;0.2713536986935446
2012-12-23;56.62385559082031;-0.0006284278571687674;-0.12734364439161663
2012-12-30;56.205413818359375;-0.0073898495271094156;-0.27665735359311405
2013-01-06;57.61210250854492;0.025027636923581564;0.43922391830875257
2013-01-13;57.57648849487305;-0.0006181689631374887;-0.12711709536170993
2013-01-20;60.85284423828125;0.056904403673383896;1.143164378334185
2013-01-27;63.38131332397461;0.04155054898983268;0.8041024021326713
2013-02-03;67.1918716430664;0.060121163782360654;1.2142006791195712
2013-02-10;67.0316162109375;-0.002385041943469113;-0.16613527397258998
2013-02-17;66.11457824707031;-0.013680678099442178;-0.41557886950176615
2013-02-24;63.79088592529297;-0.03514644399747513;-0.8896112969327336
2013-03-03;63.77306365966797;-0.0002793857675197353;-0.11963568419965954
2013-03-10;63.06971740722656;-0.011028892326623851;-0.35701900013175847
2013-03-17;63.051902770996094;-0.00028245942685045655;-0.11970356037983214
2013-03-24;61.627410888671875;-0.022592369456286843;-0.6123773767839015
2013-03-31;60.532318115234375;-0.017769572948890477;-0.5058746809906809
2013-04-07;59.39272689819336;-0.01882616183427166;-0.5292075262529
2013-04-14;61.529476165771484;0.03597661496904814;0.6810121994926305
2013-04-21;63.57719421386719;0.03328027761164076;0.621468489346153
2013-04-28;66.25928497314453;0.042186365605488385;0.8181432565401925
2013-05-05;68.21868896484375;0.029571764809918744;0.539572724065297
2013-05-12;69.23429870605469;0.014887558770505294;0.2152987211331448
2013-05-19;70.5824966430664;0.01947297744338705;0.3165593588676041
2013-05-26;72.50592803955078;0.027250826875834466;0.4883190279224819
2013-06-02;73.0721664428711;0.00780954631752917;0.0589936798684235
2013-06-09;72.43402862548828;-0.008732980674409307;-0.3063179639406373
2013-06-16;71.69701385498047;-0.010174979695226738;-0.3381618915898158
2013-06-23;69.27025604248047;-0.03384740426440258;-0.8609243653355673
2013-06-30;70.15108489990234;0.012715830830503982;0.1673400565316263
2013-07-07;71.61610412597656;0.020883771479295543;0.34771418113779934
2013-07-14;78.33013153076172;0.09375024635485363;1.9568378493859298
2013-07-21;80.037841796875;0.021801447702697097;0.36797939272359154
2013-07-28;80.15469360351562;0.0014599569905593412;-0.08122546051310321
2013-08-04;81.96127319335938;0.02253866253646941;0.38425944249452615
2013-08-11;82.2398910522461;0.0033993842217336923;-0.03839673487683118
2013-08-18;82.1500244140625;-0.0010927378068449345;-0.1375970857815422
2013-08-25;81.6107406616211;-0.006564620720296399;-0.25843367518640126
2013-09-01;79.02220153808594;-0.0317181182593097;-0.813902953731453
2013-09-08;79.78616333007812;0.009667685500055034;0.10002730668525392
2013-09-15;83.29148864746094;0.043934000221080405;0.8567365908300901
2013-09-22;85.9609146118164;0.03204920463907257;0.5942824801302119
2013-09-29;87.91129302978516;0.02268913059820621;0.38758225617351366
2013-10-06;90.69757843017578;0.03169428300237387;0.5864446808273006
2013-10-13;87.97421264648438;-0.03002688529096742;-0.7765551473152824
2013-10-20;84.34308624267578;-0.04127489516047067;-1.024947002864993
2013-10-27;84.58576202392578;0.002877245688541308;-0.049927215434578794
2013-11-03;84.66664123535156;0.0009561799703703411;-0.09235046042685027
2013-11-10;78.5278549194336;-0.07250537196643614;-1.7146153240645152
2013-11-17;79.90301513671875;0.01751175068637756;0.27324923032227383
2013-11-24;80.81978607177734;0.011473546192092288;0.13990645805189722
2013-12-01;83.92963409423828;0.03847879552290623;0.7362683094982189
2013-12-08;82.19496154785156;-0.02066817715944036;-0.5698850869839045
2013-12-15;80.32545471191406;-0.02274478630723764;-0.6157432259309011
2013-12-22;81.64669036865234;0.016448530064060884;0.24976993520252122
2013-12-29;84.01053619384766;0.028952132836273403;0.525889278062196
2014-01-05;83.01285552978516;-0.011875661188025632;-0.3757183514966229
2014-01-12;81.02650451660156;-0.023928233771826957;-0.6418775123589342
2014-01-19;76.59545135498047;-0.054686465719537614;-1.3211171641336754
2014-01-26;78.72560119628906;0.027810396095669487;0.5006760971672534
2014-02-02;76.60443115234375;-0.02694384052598764;-0.7084717068844136
2014-02-09;78.05149841308594;0.01889012474832419;0.3036881163884038
2014-02-16;80.15469360351562;0.026946250016861573;0.4815930015377699
2014-02-23;79.9120101928711;-0.003027688083307556;-0.1803269460095367
2014-03-02;77.42235565185547;-0.031154948236275626;-0.8014663672922215
2014-03-09;81.90734100341797;0.05792881544098316;1.1657866504296999
2014-03-16;80.73889923095703;-0.014265409646397664;-0.42849160301034195
2014-03-23;83.03983306884766;0.02849845439815457;0.5158706142830356
2014-03-30;82.5364990234375;-0.006061356662324324;-0.24732000311094443
2014-04-06;82.84207916259766;0.0037023637151532007;-0.03170598340727306
2014-04-13;80.49623107910156;-0.028317107769492367;-0.7387978181465155
2014-04-20;73.38674926757812;-0.08832067931897503;-2.0638676438048433
2014-04-27;74.14928436279297;0.01039063731293699;0.1159923835618007
2014-05-04;73.84971618652344;-0.004040068341102598;-0.20268352407739632
2014-05-11;72.9146957397461;-0.012661124443806182;-0.39306387997970416
2014-05-18;73.59556579589844;0.009337898886426999;0.0927445686858303
2014-05-25;75.63809204101562;0.027753387354636283;0.49941716273066616
2014-06-01;77.37199401855469;0.022923660959068615;0.3927614329517368
2014-06-08;79.57795715332031;0.028511132002577266;0.5161505761361111
2014-06-15;81.13936614990234;0.01962112439722108;0.31983091509699924
2014-06-22;84.86136627197266;0.04587169334295815;0.8995270218141609
2014-06-29;83.83555603027344;-0.0120880712480117;-0.3804090416319877
2014-07-06;86.86762237548828;0.036166830504707814;0.6852127638951381
2014-07-13;84.3166732788086;-0.02936593666225973;-0.7619592980750656
2014-07-20;78.26163482666016;-0.07181306160083356;-1.6993269078625906
2014-07-27;78.71554565429688;0.005799914972924869;0.014614623977786408
2014-08-03;83.7901611328125;0.06446776727944359;1.3101875177252678
2014-08-10;82.98223114013672;-0.009642301455837554;-0.3263986607758411
2014-08-17;83.33625793457031;0.004266296405500691;-0.019252554846515602
2014-08-24;84.87043762207031;0.018409510164285603;0.2930746167810401
2014-08-31;87.0945816040039;0.026206345156811306;0.46525354742540864
2014-09-07;88.70137786865234;0.018448865992078733;0.29394371871157227
2014-09-14;89.43668365478516;0.008289677159487141;0.06959649691110202
2014-09-21;91.53372955322266;0.02344726808668174;0.4043243447482057
2014-09-28;90.834716796875;-0.007636668578452466;-0.28210790376682465
2014-10-05;88.46537017822266;-0.026084152647832703;-0.6894870625139043
2014-10-12;85.63299560546875;-0.032016760536329625;-0.8204979256593934
2014-10-19;83.98081970214844;-0.019293683370978587;-0.5395318897055802
2014-10-26;85.30618286132812;0.01578173639981495;0.23504500897535807
2014-11-02;88.97371673583984;0.04299259152731727;0.8359472907683556
2014-11-09;90.57144927978516;0.017957354177851492;0.2830895735803944
2014-11-16;92.68663024902344;0.023353727759221954;0.4022586766188187
2014-11-23;95.93656158447266;0.03506364754784541;0.6608509732455029
2014-11-30;94.22081756591797;-0.017884151675000015;-0.5084049439185286
2014-12-07;97.83385467529297;0.03834648438331878;0.7333464584460492
2014-12-14;97.14393615722656;-0.007051940459222639;-0.2691952459533404
2014-12-21;96.98960876464844;-0.0015886466894685647;-0.14854833217691074
2014-12-28;99.22279357910156;0.023024990438636594;0.3949991103492308
2015-01-04;97.88834381103516;-0.013449024361550266;-0.41046321771379884
2015-01-11;92.67752838134766;-0.05323223610511296;-1.2890031460528724
2015-01-18;93.53995513916016;0.009305672830028477;0.09203291479872078
2015-01-25;95.60067749023438;0.022030397042723138;0.37303532279973234
2015-02-01;94.99244689941406;-0.0063621995867387815;-0.25396357233708067
2015-02-08;92.45059204101562;-0.02675849439998068;-0.7043786745442978
2015-02-15;94.44776153564453;0.021602560357243172;0.363587327162145
2015-02-22;94.95611572265625;0.005382384703949361;0.005394226817557351
2015-03-01;97.75215911865234;0.029445637858257045;0.5367874395641676
2015-03-08;98.48747253417969;0.007522221730517531;0.052648638555259426
2015-03-15;95.75501251220703;-0.027744239461768738;-0.7261470627158235
2015-03-22;97.87017822265625;0.022089347126131642;0.3743371282544332
2015-03-29;92.46874237060547;-0.05518980296288445;-1.3322324523751248
2015-04-05;91.45203399658203;-0.010995157368406394;-0.35627402489029414
2015-04-12;90.79841613769531;-0.007147111226756819;-0.2712969193885673
2015-04-19;86.35018920898438;-0.048990137911273934;-1.19532411713873
2015-04-26;98.01144409179688;0.13504608373920268;2.868781365917586
2015-05-03;99.11813354492188;0.01129143094849705;0.13588477387795664
2015-05-10;98.54191589355469;-0.005813443320197731;-0.24184528751407108
2015-05-17;101.13946533203125;0.02635984306700956;0.46864326980114396
2015-05-24;101.54190063476562;0.003979013547414034;-0.02559667465221065
2015-05-31;102.7126235961914;0.011529456845964958;0.1411411432292355
2015-06-07;100.65469360351562;-0.02003580398030147;-0.5559202746136682
2015-06-14;98.6973876953125;-0.019445749007125923;-0.5428899829119522
2015-06-21;99.52056121826172;0.008340378019836114;0.07071613326688025
2015-06-28;100.5815200805664;0.01066070015399001;0.12195623058740335
2015-07-05;95.66997528076172;-0.048831483118076835;-1.191820514374215
2015-07-12;93.21879577636719;-0.025621199307317433;-0.6792635793717613
2015-07-19;91.96575164794922;-0.013441968628558953;-0.4103074046739537
2015-07-26;92.23098754882812;0.0028840725609926565;-0.04977645636382181
2015-08-02;90.63038635253906;-0.017354267137622115;-0.4967034069361283
2015-08-09;88.69137573242188;-0.0213947076488753;-0.5859291924281465
2015-08-16;86.63348388671875;-0.023202840509675915;-0.6258585205124315
2015-08-23;79.97498321533203;-0.07685828126331984;-1.8107414147984913
2015-08-30;84.0633773803711;0.051120913073918306;1.0154464995074115
2015-09-06;83.56947326660156;-0.005875377948886151;-0.24321300122709066
2015-09-13;83.85299682617188;0.003392668979327107;-0.03854502880092883
2015-09-20;83.1670150756836;-0.00818076606027962;-0.29412330779642126
2015-09-27;78.06341552734375;-0.061365669354556895;-1.4686152374590753
2015-10-04;80.46887969970703;0.030814231687322335;0.5670103469619564
2015-10-11;83.11217498779297;0.032848665197653615;0.6119371136065891
2015-10-18;81.08168029785156;-0.02443077311163655;-0.6529751803508939
2015-10-25;84.43836975097656;0.04139886397018766;0.8007527141500108
2015-11-01;84.86824035644531;0.005090939187202714;-0.0010418177393221987
2015-11-08;87.4109115600586;0.02996022060707393;0.5481510643560563
2015-11-15;84.84996032714844;-0.02929784379551481;-0.7604555908667062
2015-11-22;84.12740325927734;-0.008515703072637826;-0.30151978299133547
2015-11-29;83.20362854003906;-0.010980663653568867;-0.3559539575393521
2015-12-06;84.14569091796875;0.011322371325144243;0.13656803586438507
2015-12-13;81.53898620605469;-0.03097846940796134;-0.7975691531059967
2015-12-20;79.95670318603516;-0.019405232927730887;-0.5419952589334626
2015-12-27;83.63346862792969;0.04598445527875006;0.9020171642297246
2016-01-03;81.19143676757812;-0.02919921773441836;-0.7582776135528947
2016-01-10;75.44759368896484;-0.07074444433168292;-1.6757284376055126
2016-01-17;73.17930603027344;-0.0300644135589333;-0.7773838909084834
2016-01-24;79.90180969238281;0.09186345193446299;1.9151714237196114
2016-01-31;82.4902114868164;0.032394783101894475;0.601913952418575
2016-02-07;80.9536361694336;-0.018627365473882773;-0.5248174699312562
2016-02-14;75.03601837158203;-0.07309885111851133;-1.7277212325340405
2016-02-21;78.91402435302734;0.051681926434865355;1.0278354599840236
2016-02-28;82.2432632446289;0.04218817781625206;0.8181832759213505
2016-03-06;86.61518859863281;0.05315846163593729;1.0604420564071935
2016-03-13;87.84075927734375;0.014149604688735717;0.19900234641371872
2016-03-20;89.41393280029297;0.01790937983564289;0.2820301474225031
2016-03-27;88.65480041503906;-0.008490090542705886;-0.30095417681664977
2016-04-03;91.98404693603516;0.037552918797517654;0.7158220047298435
2016-04-10;92.05720520019531;0.0007953364371000582;-0.09590239753800979
2016-04-17;91.69135284423828;-0.00397418491210344;-0.20122860828616387
2016-04-24;87.6852798461914;-0.04369084841459625;-1.0782989396676692
2016-05-01;88.35296630859375;0.007614578679266737;0.05468817391652578
2016-05-08;85.97897338867188;-0.02686941954648292;-0.7068282548066266
2016-05-15;84.71102905273438;-0.01474714440012792;-0.4391298395295215
2016-05-22;88.36678314208984;0.0431555858810273;0.8395467248399715
2016-05-29;92.00397491455078;0.04116016950184198;0.7954815806259741
2016-06-05;92.6795883178711;0.007343306677214612;0.048697624767817735
2016-06-12;92.61479187011719;-0.0006991447516110361;-0.12890529848269755
2016-06-19;87.5986099243164;-0.05416177960897939;-1.309530424959835
2016-06-26;89.63468170166016;0.023243197341862754;0.39981781323222315
2016-07-03;91.10624694824219;0.016417364558508618;0.24908170165337926
2016-07-10;89.97712707519531;-0.012393440744939643;-0.3871525719853766
2016-07-17;94.04007720947266;0.04515536632862127;0.8837082415734053
2016-07-24;97.76056671142578;0.03956280781932797;0.7602067509532663
2016-07-31;101.45331573486328;0.03777340033571952;0.7206909387922951
2016-08-07;101.4348373413086;-0.0001821369111579818;-0.117488119949447
2016-08-14;102.05491638183594;0.006113077683960855;0.021530253301166587
2016-08-21;98.77863311767578;-0.03210313995949032;-0.822405458231744
2016-08-28;98.53800964355469;-0.002435987080671942;-0.16726030473873066
2016-09-04;99.50978088378906;0.009861892316981091;0.10431601128067376
2016-09-11;96.3260498046875;-0.031994152241372475;-0.8199986625541531
2016-09-18;94.58612823486328;-0.018062835269920363;-0.5123508463682496
2016-09-25;100.48155212402344;0.06232863104959163;1.2629485818093975
2016-10-02;101.41631317138672;0.009302812582050013;0.09196975142040356
2016-10-09;100.63890075683594;-0.0076655558680880365;-0.2827458270579338
2016-10-16;93.58658599853516;-0.07007543509781178;-1.660954584549809
2016-10-23;96.33531188964844;0.029370938813349845;0.5351378469173299
2016-10-30;97.43665313720703;0.011432373300666487;0.138997229573415
2016-11-06;94.85453033447266;-0.026500528493095032;-0.6986819663245067
2016-11-13;93.84571838378906;-0.010635358660533778;-0.34832852433421985
2016-11-20;94.9192886352539;0.011439736089763786;0.1391598233893093
2016-11-27;97.26082611083984;0.024668721281548622;0.43129791865684125
2016-12-04;92.5407485961914;-0.04853009894517413;-1.1851649926588945
2016-12-11;95.0581283569336;0.027202932750489905;0.48726137320824475
2016-12-18;97.20530700683594;0.022588059401295046;0.385350282479086
2016-12-25;102.00862884521484;0.04941419338391806;0.9777566969893853
2017-01-01;103.20252990722656;0.01170392226155026;0.14499389485456796
2017-01-08;102.84158325195312;-0.0034974593704041324;-0.19070099111081892
2017-01-15;106.21965789794922;0.03284736134137578;0.6119083203103546
2017-01-22;112.95732116699219;0.06343141563792454;1.287301575214064
2017-01-29;112.69817352294922;-0.002294208479500459;-0.16412938200388227
2017-02-05;113.59590148925781;0.007965772099454593;0.062443642333550146
2017-02-12;115.24327850341797;0.014502081435710412;0.2067861547704798
2017-02-19;117.42745971679688;0.01895278615588958;0.3050718796920549
2017-02-26;114.55842590332031;-0.02443239273331721;-0.6530109467521696
2017-03-05;113.81803131103516;-0.00646303042702423;-0.2561902381922596
2017-03-12;112.54080963134766;-0.011221611066151604;-0.36127484324230635
2017-03-19;116.78886413574219;0.03774679174878859;0.7201033365090458
2017-03-26;119.59313201904297;0.024011432117718057;0.41678288204763153
2017-04-02;122.90642547607422;0.027704713482239685;0.4983422887199168
2017-04-09;121.4071044921875;-0.012198882020033941;-0.3828560961417928
2017-04-16;118.81573486328125;-0.021344464475495317;-0.5848196632572665
2017-04-23;120.34278869628906;0.012852286229302567;0.1703534260165922
2017-04-30;123.23875427246094;0.024064305036843203;0.41795048437392684
2017-05-07;126.23908233642578;0.024345653943657952;0.4241635636502953
2017-05-14;126.1456527709961;-0.0007401001631229809;-0.12980972431253576
2017-05-21;126.04280090332031;-0.0008153421494635493;-0.1314713068341739
2017-05-28;125.43524932861328;-0.004820200521988172;-0.2199113254602527
2017-06-04;125.43524932861328;0.0;-0.11346595728676238
2017-06-11;123.95845794677734;-0.011773336360715203;-0.3734586936532071
2017-06-18;121.16371154785156;-0.022545830637274666;-0.611349651546847
2017-06-25;122.86485290527344;0.014040023499528154;0.19658244500570077
2017-07-02;121.79930114746094;-0.008672551446702315;-0.3049834942723386
2017-07-09;122.89289093017578;0.008978621161305655;0.0848105730869706
2017-07-16;128.0897674560547;0.0422878531585007;0.820384424702418
2017-07-23;143.7738494873047;0.12244601846615843;2.5905318240404367
2017-07-30;142.75503540039062;-0.007086226671589757;-0.2699523946408367
2017-08-06;142.23162841796875;-0.0036664694940802267;-0.19443327252892237
2017-08-13;141.3156280517578;-0.00644020163728376;-0.25568610586046253
2017-08-20;142.3157196044922;0.00707700603621908;0.042816859092966966
2017-08-27;144.14773559570312;0.012872899749249544;0.17080863814108752
2017-09-03;146.10122680664062;0.013552007618187867;0.18580550119873426
2017-09-10;149.28851318359375;0.021815603103534364;0.3682919890246983
2017-09-17;151.8028564453125;0.016842174981183122;0.25846286777691474
2017-09-24;155.12095642089844;0.02185795480588526;0.36922724940006035
2017-10-01;159.35508728027344;0.02729567272578115;0.4893093670145699
2017-10-08;158.3737030029297;-0.006158474725175833;-0.24946467902419067
2017-10-15;162.2713623046875;0.024610520735792285;0.43001266537895977
2017-10-22;163.77621459960938;0.009273677582716688;0.09132635791081344
2017-10-29;166.77650451660156;0.018319448427398966;0.2910857670023823
2017-11-05;170.34707641601562;0.021409322073054016;0.3593200108519836
2017-11-12;167.87014770507812;-0.014540482660755694;-0.4345660906077698
2017-11-19;168.55242919921875;0.004064340822165002;-0.023712376865287658
2017-11-26;173.26327514648438;0.02794884635983319;0.503733519628289
2017-12-03;161.17776489257812;-0.06975229022820117;-1.6538185173961364
2017-12-10;160.747802734375;-0.00266762700481471;-0.1723756514751536
2017-12-17;162.44891357421875;0.010582482689699413;0.12022894004294787
2017-12-24;163.77621459960938;0.008170574959149857;0.06696634127601117
2017-12-31;162.46763610839844;-0.007990039911534574;-0.2899114674319245
2018-01-07;168.94503784179688;0.039868874125039255;0.7669656690622374
2018-01-14;169.0572052001953;0.0006639281024842791;-0.0988043117831608
2018-01-21;190.07833862304688;0.12434331561295253;2.6324301833314543
2018-01-28;192.11593627929688;0.01071977833461002;0.1232608648362132
2018-02-04;187.15274047851562;-0.02583437843264491;-0.6839712529174723
2018-02-11;171.6742706298828;-0.08270501307679046;-1.9398558609003802
2018-02-18;179.6752166748047;0.046605388306389495;0.9157293416457167
2018-02-25;182.75038146972656;0.017115130577455506;0.2644905960441704
2018-03-04;180.92774963378906;-0.009973340801148645;-0.3337090630777387
2018-03-11;192.5926513671875;0.06447270668545335;1.3102965955299917
2018-03-18;200.07949829101562;0.03887400101031924;0.7449957044312641
2018-03-25;191.3495330810547;-0.04363248251084273;-1.0770100347589457
2018-04-01;185.591796875;-0.030090150278107797;-0.7779522395768863
2018-04-08;181.91851806640625;-0.019792247666354457;-0.5505417760655675
2018-04-15;192.21875;0.05662002990720172;1.136884500536143
2018-04-22;182.35781860351562;-0.05130056977523978;-1.2463458058169778
2018-04-29;180.8140869140625;-0.008465398968220406;-0.3004089082692313
2018-05-06;181.75704956054688;0.005215095032570893;0.00169993846165337
2018-05-13;187.46202087402344;0.031387895695215606;0.5796786739847692
2018-05-20;188.5275421142578;0.005683931258537056;0.012053334437274223
2018-05-27;189.63084411621094;0.005852205940734434;0.015769374966930205
2018-06-03;189.63084411621094;0.0;-0.11346595728676238
2018-06-10;195.61868286132812;0.03157629115149474;0.5838390452420159
2018-06-17;202.56837463378906;0.03552672817753044;0.6710772673376215
2018-06-24;194.60028076171875;-0.03933533004090761;-0.9821152322142583
2018-07-01;186.67935180664062;-0.040703584414541694;-1.0123306433557837
2018-07-08;184.81227111816406;-0.010001538308374136;-0.3343317537779492
2018-07-15;187.82977294921875;0.016327388937963816;0.2470947535976209
2018-07-22;205.4727020263672;0.09393041795305979;1.9608166116838828
2018-07-29;201.51223754882812;-0.019274893640279456;-0.5391169526520228
2018-08-05;202.53062438964844;0.00505372206277821;-0.0018636902928920156
2018-08-12;197.24058532714844;-0.026119699568606936;-0.6902720516553283
2018-08-19;186.11355590820312;-0.05641348812917857;-1.3592553153162894
2018-08-26;189.35739135742188;0.017429334652112605;0.2714292219905222
2018-09-02;193.4969940185547;0.021861320709256615;0.36930157925873863
2018-09-09;173.93038940429688;-0.10112097458414027;-2.346538901154921
2018-09-16;173.83612060546875;-0.0005419915355274751;-0.12543485531973078
2018-09-23;177.68341064453125;0.022131706722759548;0.3752725629605558
2018-09-30;177.9757843017578;0.0016454752650572058;-0.07712862658643274
2018-10-07;176.76876831054688;-0.006781911347919389;-0.2632321437879601
2018-10-14;164.3404541015625;-0.07030831479885824;-1.6660973095059481
2018-10-21;165.7360382080078;0.008492030243404614;0.07406509700779514
2018-10-28;156.7306671142578;-0.0543356242318751;-1.3133694675068621
2018-11-04;165.0099334716797;0.0528248013605801;1.0530737756285724
2018-11-11;165.4908447265625;0.002914438208444947;-0.04910588622713541
2018-11-18;159.36155700683594;-0.0370370199623663;-0.9313612311366712
2018-11-25;154.3260955810547;-0.03159771729367111;-0.8112441172250919
2018-12-02;161.57754516601562;0.04698783804293383;0.9241750490034522
2018-12-09;156.86270141601562;-0.029180067967709555;-0.7578547257584022
2018-12-16;152.20443725585938;-0.029696442290650493;-0.7692579142087684
2018-12-23;143.97232055664062;-0.054085917911712134;-1.3078551572486592
2018-12-30;145.5847930908203;0.01119987875409234;0.13386301005380755
2019-01-06;145.2830810546875;-0.0020724144996695504;-0.15923146505331795
2019-01-13;152.77964782714844;0.05159972323025741;1.026020151608445
2019-01-20;150.14874267578125;-0.017220259300137486;-0.49374408739452114
2019-01-27;159.26727294921875;0.06072998089053128;1.2276452984738737
2019-02-03;167.08448791503906;0.04908236840542113;0.9704289454064081
2019-02-10;170.7431640625;0.021897162286671046;0.37009307535654495
2019-02-17;173.81727600097656;0.018004304625345302;0.28412638888436176
2019-02-24;173.85496520996094;0.00021683235321301453;-0.10867760884266829
2019-03-03;174.552734375;0.004013513011816405;-0.024834816681085434
2019-03-10;168.64036560058594;-0.03387153341128557;-0.8614572136915549
2019-03-17;172.8365478515625;0.024882430941326028;0.4360173080916721
2019-03-24;179.76736450195312;0.04010041126453778;0.7720787459865956
2019-03-31;176.60842895507812;-0.017572352777306732;-0.5015194319341931
2019-04-07;187.0659637451172;0.05921311260120565;1.1941480190989981
2019-04-14;191.25271606445312;0.02238115494404158;0.3807811735740488
2019-04-21;194.16648864746094;0.015235195833903203;0.2229756538738762
2019-04-28;194.44940185546875;0.0014570650681204889;-0.0812893233643121
2019-05-05;199.08206176757812;0.023824500707658514;0.41265484159034976
2019-05-12;189.83775329589844;-0.046434663121342035;-1.1388911007877474
2019-05-19;191.94610595703125;0.011106076765702966;0.13179156361833974
2019-05-26;181.71913146972656;-0.053280447844011425;-1.2900678146852085
2019-06-02;179.88743591308594;-0.010079816813045817;-0.33606039228828455
2019-06-09;183.89427185058594;0.022274128913794433;0.3784176982078609
2019-06-16;187.76754760742188;0.021062514442989233;0.35166139463898116
2019-06-23;192.38494873046875;0.024591049847978885;0.4295826862084859
2019-06-30;195.561767578125;0.016512824254806713;0.25118975555525075
2019-07-07;203.99520874023438;0.04312418151334363;0.8388532164547714
2019-07-14;198.6050567626953;-0.02642293419941466;-0.696968437370412
2019-07-21;213.3348846435547;0.07416642919852445;1.5243648396141403
2019-07-28;220.23239135742188;0.032331827611746355;0.6005236948355575
2019-08-04;211.2551727294922;-0.04076248081673095;-1.013631263358319
2019-08-11;206.0558624267578;-0.02461151713142662;-0.6569665835391941
2019-08-18;203.06024169921875;-0.014537905848729937;-0.4345091863973444
2019-08-25;204.81565856933594;0.00864480833583059;0.07743892351624478
2019-09-01;209.6333770751953;0.023522217683509927;0.40597947037885906
2019-09-08;226.1853485107422;0.07895675615438713;1.6301505043727256
2019-09-15;235.47743225097656;0.04108172258466625;0.7937492230315638
2019-09-22;234.8859405517578;-0.002511882746319083;-0.16893632257984112
2019-09-29;235.0576171875;0.0007308936215548734;-0.09732549999931864
2019-10-06;234.72372436523438;-0.0014204722495730904;-0.1448345053163094
2019-10-13;239.92308044433594;0.022150961063532204;0.3756977600831929
2019-10-20;242.7183074951172;0.01165051334621281;0.14381445602605702
2019-10-27;251.84814453125;0.03761495014675176;0.7171918543403321
2019-11-03;254.25228881835938;0.009546007541902046;0.09734027012005081
2019-11-10;256.4486389160156;0.008638467358008217;0.07729889454529153
2019-11-17;258.6236877441406;0.008481420830770414;0.0738308074115843
2019-11-24;255.8545379638672;-0.010707255025351747;-0.3499162248849487
2019-12-01;259.8021545410156;0.015429144265191486;0.22725865249208238
2019-12-08;262.37957763671875;0.00992071486187851;0.10561500027914904
2019-12-15;275.2187805175781;0.048933697494688566;0.9671458185411613
2019-12-22;281.30303955078125;0.022106990743004706;0.37472675546711826
2019-12-29;283.93792724609375;0.009366723159195844;0.09338110036396624
2020-01-05;285.48052978515625;0.005432886525671865;0.006509467767007855
2020-01-12;283.7845458984375;-0.005940804047109949;-0.2446578176993138
2020-01-19;287.5214538574219;0.01316811649187466;0.1773279633675715
2020-01-26;283.4492492675781;-0.014163132994809868;-0.4262330090402048
2020-02-02;272.38262939453125;-0.039042685424789725;-0.9756527077270385
2020-02-09;292.2067565917969;0.07278043846383264;1.4937577531731672
2020-02-16;303.0625915527344;0.03715121131200516;0.7069510249856673
2020-02-23;296.2405700683594;-0.022510272381102925;-0.6105644120837702
2020-03-01;265.6277160644531;-0.10333781762856498;-2.395493850844296
2020-03-08;276.0523376464844;0.03924523290145587;0.7531936860607672
2020-03-15;246.19644165039062;-0.10815302725067855;-2.5018290040646436
2020-03-22;207.05606079101562;-0.15898028662394725;-3.624256652573651
2020-03-29;242.0476531982422;0.16899574092904257;3.618497843987615
2020-04-05;236.93113708496094;-0.021138466106468412;-0.5802705636639651
2020-04-12;265.22528076171875;0.11941927103743999;2.5236916079646936
2020-04-19;280.16278076171875;0.05632004595150186;1.1302599000729572
2020-04-26;281.0421447753906;0.003138761013440128;-0.04415212476876912
2020-05-03;277.75830078125;-0.011684525097704013;-0.3714974583174457
2020-05-10;288.5054016113281;0.0386922759818511;0.7409826374492186
2020-05-17;283.34368896484375;-0.017891216655410158;-0.5085609611708122
2020-05-24;307.5439453125;0.08540954780418253;1.7726486804913373
2020-05-31;308.13134765625;0.0019099785663252433;-0.0712875518929329
2020-06-07;340.0451965332031;0.10357222372764263;2.1737383689533147
2020-06-14;330.376708984375;-0.028432948465084595;-0.7413559493768531
2020-06-21;347.3255310058594;0.05130150389108068;1.0194345194941137
2020-06-28;348.3751220703125;0.003021923154953532;-0.04673227652935979
2020-07-05;359.4111633300781;0.03167861469034006;0.5860986746320214
2020-07-12;380.11566162109375;0.05760672011180934;1.1586737604691122
2020-07-19;369.39739990234375;-0.028197369382359616;-0.7361536134822688
2020-07-26;369.6189880371094;0.0005998638182731497;-0.10021905506790947
2020-08-02;349.3092956542969;-0.05494764349274561;-1.3268848005838683
2020-08-09;353.0456848144531;0.010696506524848104;0.12274694921239827
2020-08-16;357.3695983886719;0.012247461901400136;0.15699697995793258
2020-08-23;358.4000244140625;0.002883362295048819;-0.04979214129633613
2020-08-30;365.42987060546875;0.019614524867566985;0.31968517647874106
2020-09-06;360.33563232421875;-0.013940399214791954;-0.4213143383105271
2020-09-13;345.9388427734375;-0.039953832647412035;-0.9957737381965927
2020-09-20;352.7856750488281;0.01979203092806414;0.3236050752208067
2020-09-27;347.14251708984375;-0.015995995183770817;-0.4667084393932029
2020-10-04;356.310302734375;0.026409284928237575;0.4697351034494728
2020-10-11;367.9721984863281;0.032729605802745754;0.6093079032516114
2020-10-18;372.58502197265625;0.012535793479244273;0.16336425883350167
2020-10-25;364.5535583496094;-0.02155605606614075;-0.5894922789847503
2020-11-01;349.4344482421875;-0.04147294618620223;-1.0293205998253199
2020-11-08;384.9449768066406;0.10162286157843647;2.1306902487082824
2020-11-15;404.1444091796875;0.04987578363099621;0.9879500786902901
2020-11-22;409.5001220703125;0.01325197817655277;0.17917989626133599
2020-11-29;412.94171142578125;0.008404367105116162;0.07212921591990441
2020-12-06;437.835205078125;0.060283311091032576;1.2177814077409614
2020-12-13;437.82550048828125;-2.2164937243940308e-05;-0.11395542964267599
2020-12-20;461.3655700683594;0.053765871457521985;1.073855598394884
2020-12-27;467.0209655761719;0.012257948738945812;0.15722856270608443
2021-01-03;471.4969482421875;0.009584115052508446;0.09818180523423736
2021-01-10;488.55023193359375;0.036168386147531706;0.6852471174396391
2021-01-17;509.9538269042969;0.043810428430238524;0.8540077324118523
2021-01-24;550.5084838867188;0.07952613519661411;1.6427242057164035
2021-01-31;516.3922119140625;-0.06197229102045332;-1.4820113744608046
2021-02-07;534.421875;0.03491466886982786;0.6575610498991112
2021-02-14;571.8346557617188;0.07000608042423173;1.432491098057211
2021-02-21;574.62841796875;0.0048856119140063825;-0.005576097400871929
2021-02-28;548.2269287109375;-0.04594532472156343;-1.1280849515646492
2021-03-07;509.5090637207031;-0.07062379274449881;-1.6730640665778045
2021-03-14;519.7467041015625;0.02009314673638718;0.3302546705921178
2021-03-21;529.2111206054688;0.0182096710363302;0.28866153283284196
2021-03-28;564.574462890625;0.06682274976515457;1.3621930259173274
2021-04-04;615.9081420898438;0.09092455038860581;1.8944374894628258
2021-04-11;613.2205200195312;-0.004363673552346792;-0.20982975703941018
2021-04-18;620.7322387695312;0.01224962065809665;0.15704465217619593
2021-04-25;633.6864013671875;0.02086916352747381;0.3473915910706783
2021-05-02;640.4439086914062;0.010663803593763843;0.12202476441453833
2021-05-09;634.5081176757812;-0.009268244939284909;-0.31813830242757124
2021-05-16;611.4617919921875;-0.03632156160273092;-0.9155616335562833
2021-05-23;619.7610473632812;0.01357281105668795;0.1862649073293121
2021-05-30;651.824462890625;0.051735125438674645;1.0290102632979337
2021-06-06;654.9075317382812;0.004729906628517577;-0.009014565648159289
2021-06-13;675.811279296875;0.03191862445544058;0.5913988540944353
2021-06-20;677.5565795898438;0.002582526137747454;-0.05643556108307844
2021-06-27;665.3207397460938;-0.01805877208240958;-0.5122611182566139
2021-07-04;666.6102905273438;0.001938239264481778;-0.07066346573585505
2021-07-11;669.169921875;0.0038397717287432798;-0.028671577155943293
2021-07-18;682.510986328125;0.019936736570202784;0.3268006363357364
2021-07-25;707.7000732421875;0.036906492962961;0.7015468650043581
2021-08-01;742.4006958007812;0.04903295035652566;0.9693376376101666
2021-08-08;759.435791015625;0.02294595804017807;0.39325382346475873
2021-08-15;764.9428100585938;0.007251461029515127;0.046669380560983
2021-08-22;763.3817749023438;-0.0020407213921396217;-0.15853158037337653
2021-08-29;786.9129638671875;0.030824928939198193;0.567246576328178
2021-09-05;831.9878540039062;0.0572806551758962;1.1514732089581508
2021-09-12;832.7245483398438;0.0008854628494781025;-0.09391211951866721
2021-09-19;844.7180786132812;0.014402758147755268;0.20459278046865176
2021-09-26;842.3718872070312;-0.002777484542655473;-0.17480165554049276
2021-10-03;722.427734375;-0.14238859897107692;-3.2578593849137416
2021-10-10;708.0394287109375;-0.01991660200658041;-0.5532879156647273
2021-10-17;754.5975952148438;0.06575646018565728;1.3386459584558417
2021-10-24;776.5775756835938;0.029128081785752435;0.5297747908373593
2021-10-31;788.1347045898438;0.014882130605015975;0.21517884996359876
2021-11-07;823.3512573242188;0.044683418366537;0.8732861285609641
2021-11-14;826.3160400390625;0.0036008722747067345;-0.03394723741641664
2021-11-21;833.2372436523438;0.00837597635518983;0.07150225780584997
2021-11-28;779.9867553710938;-0.0639079550115117;-1.5247569957785234
2021-12-05;767.340087890625;-0.016213951574667207;-0.47152161016667976
2021-12-12;760.0105590820312;-0.00955186484358217;-0.3244015325559726
2021-12-19;733.3270874023438;-0.03510934336480376;-0.8887919968878166
2021-12-26;779.0341186523438;0.06232830074763429;1.262941287690969
2022-01-02;777.8773803710938;-0.0014848364834790795;-0.14625587244493288
2022-01-09;734.9891967773438;-0.05513488973453606;-1.331019793527744
2022-01-16;721.447998046875;-0.01842367042922799;-0.520319235070593
2022-01-23;679.3085327148438;-0.058409567212207136;-1.40333509414025
2022-01-30;626.9619750976562;-0.07705858986929759;-1.8151648663155717
2022-02-06;634.5831909179688;0.012155786352314957;0.15497249206985322
2022-02-13;631.8807373046875;-0.004258627792160685;-0.20751001233852742
2022-02-20;629.7421875;-0.0033844199995866076;-0.18820472204693192
2022-02-27;638.5006103515625;0.01390794999193612;0.1936658416242714
2022-03-06;613.177978515625;-0.039659526436466086;-0.9892745204074197
2022-03-13;569.4926147460938;-0.071244182439957;-1.6867642454900396
2022-03-20;635.8370361328125;0.11649742186085787;2.4591678791426386
2022-03-27;668.1683959960938;0.0508485005213315;1.0094307633730104
2022-04-03;649.2808837890625;-0.028267592900550254;-0.7377043722555069
2022-04-10;607.8411865234375;-0.06382399097258484;-1.5229028025771965
2022-04-17;581.1771240234375;-0.043866824248132597;-1.0821850461283786
2022-04-24;590.6451416015625;0.016291105046562615;0.2462934897992894
2022-05-01;548.0291137695312;-0.07215166066798728;-1.7068042528821525
2022-05-08;552.4713745117188;0.00810588457907313;0.06553777180195329
2022-05-15;512.5174560546875;-0.07231853142136646;-1.7104892901953943
2022-05-22;521.791015625;0.018094134084133406;0.2861101092233615
2022-05-29;548.4564208984375;0.05110361135961261;1.0150644225915444
2022-06-05;551.9719848632812;0.006409923980988053;0.028085564275027123
2022-06-12;531.1626586914062;-0.03769996801020492;-0.9460012339145997
2022-06-19;463.5346984863281;-0.1273206222208637;-2.925110503308195
2022-06-26;484.0992126464844;0.044364562625645254;0.8662447790198763
2022-07-03;466.01220703125;-0.037362187631655;-0.9385419681449471
2022-07-10;442.5294494628906;-0.05039086361697964;-1.2262565986348353
2022-07-17;447.42572021484375;0.01106428229329337;0.13086860865350747
2022-07-24;523.181640625;0.16931507731334694;3.625549807664937
2022-07-31;549.0830688476562;0.049507525133554164;0.979817759056611
2022-08-07;566.6968994140625;0.03207862628758851;0.5949322037660365
2022-08-14;562.220703125;-0.007898748508577857;-0.2878954627129353
2022-08-21;547.0350952148438;-0.027010047523596814;-0.7099337681003365
2022-08-28;510.5091857910156;-0.06677068755430193;-1.5879752411833534
2022-09-04;461.28106689453125;-0.09642944782708895;-2.242935059225099
2022-09-11;473.87518310546875;0.027302478065541536;0.489459650574981
2022-09-18;458.6601257324219;-0.03210773198405814;-0.8225068647486625
2022-09-25;432.9320373535156;-0.0560940158855574;-1.35220035143287
2022-10-02;419.9157409667969;-0.03006544968648306;-0.7774067719023353
2022-10-09;426.276611328125;0.015147968367851927;0.22104939381554173
2022-10-16;391.00714111328125;-0.08273845967048654;-1.940594468135471
2022-10-23;429.2313232421875;0.09775827116628566;2.0453477930605124
2022-10-30;477.07525634765625;0.11146421641384618;2.348018684320554
2022-11-06;461.5279846191406;-0.03258871953984965;-0.8331286007593414
2022-11-13;552.1381225585938;0.1963264221436667;4.222046267139729
2022-11-20;584.0087890625;0.0577222712972949;1.1612254983949073
2022-11-27;582.709228515625;-0.002225241419673063;-0.16260636983007704
2022-12-04;596.3651733398438;0.02343526437534793;0.40405926459924785
2022-12-11;588.478759765625;-0.013224135021252525;-0.40549694535291114
2022-12-18;577.2940673828125;-0.01900611058123336;-0.5331813672861347
2022-12-25;547.3727416992188;-0.05183030170263725;-1.2580439726853176
2023-01-01;537.97021484375;-0.017177557702782842;-0.4928011002239093
2023-01-08;562.0232543945312;0.04471072726167069;0.8738891958781134
2023-01-15;642.4923095703125;0.1431774478130281;3.048347763340826
2023-01-22;638.8395385742188;-0.005685314737131519;-0.23901580062118866
2023-01-29;659.6731567382812;0.03261166052833797;0.6067032962230471
2023-02-05;669.1348876953125;0.014343058923019125;0.2032744315892384
2023-02-12;653.189208984375;-0.02383029043046747;-0.6397146116697214
2023-02-19;647.5748291015625;-0.008595334714028957;-0.3032783030668949
2023-02-26;615.9301147460938;-0.04886649840817969;-1.192593763418461
2023-03-05;623.69580078125;0.012608063559869098;0.1649602122186244
2023-03-12;596.7183227539062;-0.04325422424449765;-1.0686568884028766
2023-03-19;622.1958618164062;0.0426960897478712;0.8293995878391394
2023-03-26;638.9407958984375;0.026912641355644862;0.4808508153360317
2023-04-02;667.7041015625;0.04501716880296769;0.8806564003830323
2023-04-09;648.403564453125;-0.028905823798610286;-0.7517985417021498
2023-04-16;656.5835571289062;0.012615588692329816;0.16512639109265284
2023-04-23;626.0540161132812;-0.046497571686266226;-1.1402803221124775
2023-04-30;620.8933715820312;-0.008243129823347739;-0.2955004981622968
2023-05-07;628.5894775390625;0.012395213589447174;0.1602598074607881
2023-05-14;640.7713012695312;0.019379617645145508;0.3144976773979036
2023-05-21;686.7774658203125;0.07179810403435871;1.4720646826177293
2023-05-28;701.1068115234375;0.020864612507356384;0.34729109006252423
2023-06-04;717.1085815429688;0.022823583734354225;0.3905514093268046
2023-06-11;708.4100341796875;-0.01213002826512688;-0.3813355861012299
2023-06-18;722.571044921875;0.019989850593499003;0.32797356300946107
2023-06-25;699.9390869140625;-0.03132142945232397;-0.8051428023814668
2023-07-02;717.20751953125;0.024671336320595705;0.4313556670415578
2023-07-09;692.0322265625;-0.03510182518053351;-0.8886259714519468
2023-07-16;742.9269409179688;0.07354385013003761;1.5106163123775898
2023-07-23;686.1442260742188;-0.07643108859881786;-1.801307641193743
2023-07-30;700.75048828125;0.021287451897104903;0.3566287295060946
2023-08-06;675.424560546875;-0.036141148893798936;-0.9115775467661509
2023-08-13;666.9744262695312;-0.012510848392160767;-0.38974530649462086
2023-08-20;649.9551391601562;-0.02551715094170237;-0.6769658603172899
2023-08-27;645.6705932617188;-0.006592064036871514;-0.2590397109567834
2023-09-03;657.0862426757812;0.017680299417686562;0.2769713227284963
2023-09-10;632.5590209960938;-0.037327248824763015;-0.9377704080934111
2023-09-17;611.9891967773438;-0.03251842679653605;-0.831576313275074
2023-09-24;582.2847900390625;-0.04853746911661316;-1.1853277495003893
2023-10-01;581.32275390625;-0.00165217458753808;-0.14995123034856364
2023-10-08;586.013916015625;0.008069806450637484;0.06474105190475724
2023-10-15;594.8310546875;0.01504595442344403;0.2187966012560219
2023-10-22;578.4664306640625;-0.027511381415744718;-0.7210048159714988
2023-10-29;585.1610107421875;0.011572979386962556;0.14210225944819818
2023-11-05;627.815673828125;0.07289389125881196;1.4962631519582998
2023-11-12;635.6709594726562;0.012512089092381773;0.16284079053059694
2023-11-19;677.0155639648438;0.06504088927782137;1.3228438754529928
2023-11-26;687.2672119140625;0.01514241103879721;0.220926670303399
2023-12-03;684.4830322265625;-0.004051087610808524;-0.2029268646221516
2023-12-10;692.4874267578125;0.011694072978277292;0.14477639133382159
2023-12-17;748.697509765625;0.08117126872755653;1.6790539898398844
2023-12-24;748.2699584960938;-0.0005710600929674792;-0.1260767815808601
2023-12-31;752.635009765625;0.00583352467912035;0.015356833255981575
2024-01-07;699.3583984375;-0.07078678328385979;-1.6766634164164538
2024-01-14;711.89697265625;0.01792868184147589;0.2824563971413702
2024-01-21;740.3152465820312;0.03991908241967401;0.7680744279994186
2024-01-28;862.837646484375;0.16550030607638933;3.5413075179586766
2024-02-04;885.4985961914062;0.026263283480227217;0.4665109268168967
2024-02-11;919.3212280273438;0.038196143936773064;0.7300264629166257
2024-02-18;925.2977294921875;0.006500993649051212;0.030096672381878686
2024-02-25;929.5908203125;0.0046396858907982175;-0.011006926671235566
2024-03-03;947.9485473632812;0.019748180220422018;0.3226367120379181
2024-03-10;990.431396484375;0.044815564346039505;0.8762043323528239
2024-03-17;956.016845703125;-0.03474703134755974;-0.8807909944620271
2024-03-24;976.11767578125;0.021025602392331644;0.3508462590851049
2024-03-31;966.6648559570312;-0.009684098606915437;-0.3273216748941942
2024-04-07;975.709228515625;0.009356265000075359;0.09315015092671382
2024-04-14;970.7886352539062;-0.005043093903298046;-0.22483352069439982
2024-04-21;885.5442504882812;-0.08780941769402728;-2.0525773599977097
2024-04-28;898.9713745117188;0.01516256699316143;0.2213717779235904
2024-05-05;899.9625244140625;0.0011025377786719748;-0.0891184142248996
2024-05-12;915.2242431640625;0.01695817140823319;0.26102443805346853
2024-05-19;923.2593383789062;0.008779373224495624;0.08041054452077225
2024-05-26;937.7025756835938;0.015643748949290437;0.2319978069124147
2024-06-02;958.5739135742188;0.0222579509024059;0.37806043622867314
2024-06-09;1026.51806640625;0.0708804525867901;1.4518000181611792
2024-06-16;1034.093994140625;0.007380218607255129;0.04951275765808521
2024-06-23;1048.7967529296875;0.014218010038131057;0.20051295423349877
2024-06-30;1020.8385009765625;-0.026657454721352836;-0.7021473968738751
2024-07-07;1069.4285888671875;0.0475982124931047;0.9376540594254774
2024-07-14;1083.2529296875;0.012926848004836122;0.17199998731878982
2024-07-21;922.44091796875;-0.1484528749579671;-3.3917778987153064
2024-07-28;886.7470092773438;-0.03869506219434149;-0.9679760804618603
2024-08-04;860.239990234375;-0.029892425647503162;-0.7735858504597388
2024-08-11;860.5499877929688;0.0003603617154666061;-0.10550802373119908
2024-08-18;918.6599731445312;0.06752656577289096;1.3777355233151318
2024-08-25;907.7100219726562;-0.01191948217183536;-0.3766860582826939
2024-09-01;889.8800048828125;-0.019642855822055494;-0.5472427286927497
2024-09-08;795.5999755859375;-0.10594690158173703;-2.4531107281347855
2024-09-15;800.1699829101562;0.005744101890969855;0.013382093498919905
2024-09-22;795.280029296875;-0.006111143529149765;-0.24841945558087045
2024-09-29;841.5399780273438;0.05816812572468111;1.171071383116593
2024-10-06;833.0;-0.010148036041451425;-0.3375668899642674
2024-10-13;840.6900024414062;0.009231695607930579;0.09039926229676741
2024-10-20;700.5999755859375;-0.1666369606497523;-3.7933403830000882
