Date;Close_ASML;Close_Carl Zeiss Meditec;Close_Lam Research Corporation;Close_Tokyo Electron Limited;COVID_Period;Geopolitical_Tension;Trade_Sanctions;Tech_Regulation;New_Product_Launch;Israel_Gaza_Conflict;Economic_Stimulus
2013-01-13;56.677276611328125;26.05785751342773;1.6415783166885376;7.480000019073486;0;0;0;0;0;0;0
2013-01-20;57.33610534667969;27.22633934020996;1.6743484735488892;7.460000038146973;0;0;0;0;0;0;0
2013-01-27;62.25064086914063;27.674396514892575;1.7516867518424988;7.406667232513428;0;0;0;0;0;0;0
2013-02-03;67.01378631591797;28.728660583496094;1.8229079246521;7.139999866485596;0;0;0;0;0;0;0
2013-02-10;67.65483856201172;29.343645095825195;1.8600473403930664;6.853332996368408;0;0;0;0;0;0;0
2013-02-17;66.63987731933594;29.826852798461918;1.87184476852417;7.126667022705078;0;0;0;0;0;0;0
2013-02-24;64.23603057861328;28.98783493041992;1.8349239826202397;7.37333345413208;0;0;0;0;0;0;0
2013-03-03;63.70183944702149;27.17362403869629;1.8482500314712524;7.553332805633545;0;0;0;0;0;0;0
2013-03-10;63.212162017822266;28.144662857055664;1.8735921382904053;7.593332767486572;0;0;0;0;0;0;0
2013-03-17;62.3040657043457;26.85805320739746;1.8491243124008176;7.586667060852051;0;0;0;0;0;0;0
2013-03-24;61.98353576660156;25.82161521911621;1.787952899932861;7.5;0;0;0;0;0;0;0
2013-03-31;60.53233337402344;27.95703887939453;1.7934142351150513;7.203333377838135;0;0;0;0;0;0;0
2013-04-07;59.39272689819336;28.45738410949707;1.7813985347747805;7.2866668701171875;0;0;0;0;0;0;0
2013-04-14;61.12884140014648;28.45738410949707;1.8268399238586424;7.440000057220459;0;0;0;0;0;0;0
2013-04-21;61.85890197753906;28.45738410949707;1.8124207258224487;7.24666690826416;0;0;0;0;0;0;0
2013-04-28;65.47357177734375;28.45738410949707;1.8801469802856443;8.426667213439941;0;0;0;0;0;0;0
2013-05-05;67.0142822265625;28.45738410949707;1.994624614715576;8.186667442321777;0;0;0;0;0;0;0
2013-05-12;68.86580657958984;28.45738410949707;2.0453097820281982;8.973333358764648;0;0;0;0;0;0;0
2013-05-19;69.84547424316406;28.45738410949707;2.0772058963775635;9.166666984558104;0;0;0;0;0;0;0
2013-05-26;71.97562408447266;28.45738410949707;2.051426887512207;9.353333473205566;0;0;0;0;0;0;0
2013-06-02;74.74394989013672;28.45738410949707;2.060165524482727;8.433333396911621;0;0;0;0;0;0;0
2013-06-09;71.7239761352539;28.45738410949707;2.0964314937591557;8.140000343322754;0;0;0;0;0;0;0
2013-06-16;71.69699096679688;28.45738410949707;2.057106733322144;8.41333293914795;0;0;0;0;0;0;0
2013-06-23;71.24761199951172;28.45738410949707;2.058417797088623;8.333333015441895;0;0;0;0;0;0;0
2013-06-30;69.05455780029297;28.85944938659668;1.9504942893981931;8.34000015258789;0;0;0;0;0;0;0
2013-07-07;71.61612701416016;29.842283248901367;1.9655686020851133;8.176666736602783;0;0;0;0;0;0;0
2013-07-14;75.36408996582031;29.842283248901367;2.16372013092041;8.19333267211914;0;0;0;0;0;0;0
2013-07-21;79.96593475341797;31.05741500854492;2.1803231239318848;8.460000038146973;0;0;0;0;0;0;0
2013-07-28;79.67831420898438;31.05741500854492;2.1615350246429443;7.733333110809326;0;0;0;0;0;0;0
2013-08-04;80.97258758544922;31.05741500854492;2.171147108078003;7.519999980926514;0;0;0;0;0;0;0
2013-08-11;82.58143615722656;29.90482521057129;2.119588851928711;7.406667232513428;0;0;0;0;0;0;0
2013-08-18;82.15001678466797;29.90482521057129;2.0964314937591557;7.039999961853027;0;0;0;0;0;0;0
2013-08-25;81.59275817871094;29.90482521057129;2.1042962074279785;7.159999847412109;0;0;0;0;0;0;0
2013-09-01;79.02218627929688;27.09929084777832;2.0391921997070312;6.926667213439941;0;0;0;0;0;0;0
2013-09-08;79.78617095947266;27.09929084777832;2.1547627449035645;7.143333196640015;0;0;0;0;0;0;0
2013-09-15;81.2242660522461;27.09929084777832;2.193868637084961;7.25333309173584;0;0;0;0;0;0;0
2013-09-22;85.16098022460938;28.028512954711918;2.1816341876983643;8.066666603088379;0;0;0;0;0;0;0
2013-09-29;87.78546142578125;26.831247329711918;2.234503507614136;9.08666706085205;0;0;0;0;0;0;0
2013-10-06;90.47288513183594;26.831247329711918;2.2445530891418457;8.966667175292969;0;0;0;0;0;0;0
2013-10-13;87.8214340209961;26.831247329711918;2.2611567974090576;9.126667022705078;0;0;0;0;0;0;0
2013-10-20;85.3676986694336;26.831247329711918;2.3384952545166016;9.293333053588867;0;0;0;0;0;0;0
2013-10-27;84.5677719116211;26.831247329711918;2.3537886142730717;9.353333473205566;0;0;0;0;0;0;0
2013-11-03;84.78350067138672;26.831247329711918;2.3712658882141118;9.266667366027832;0;0;0;0;0;0;0
2013-11-10;81.35907745361328;26.831247329711918;2.348982572555542;9.166666984558104;0;0;0;0;0;0;0
2013-11-17;78.80648040771484;26.831247329711918;2.2882468700408936;9.18000030517578;0;0;0;0;0;0;0
2013-11-24;80.10075378417969;26.831247329711918;2.221832036972046;8.9399995803833;0;0;0;0;0;0;0
2013-12-01;83.92961883544922;28.618207931518555;2.27907133102417;9.036666870117188;0;0;0;0;0;0;0
2013-12-08;82.22190856933594;28.67182159423828;2.2393100261688232;8.880000114440918;0;0;0;0;0;0;0
2013-12-15;81.82644653320312;30.11032485961914;2.2393100261688232;8.80666732788086;0;0;0;0;0;0;0
2013-12-22;80.69395446777344;30.11032485961914;2.316648483276367;8.84000015258789;0;0;0;0;0;0;0
2013-12-29;83.27351379394531;30.11032485961914;2.375198006629944;9.096666812896729;0;0;0;0;0;0;0
2014-01-05;83.98355102539062;30.11032485961914;2.367988705635071;9.146666526794434;0;0;0;0;0;0;0
2014-01-12;81.01751708984375;27.617507934570312;2.367332935333252;9.0600004196167;0;0;0;0;0;0;0
2014-01-19;80.38838195800781;27.304792404174805;2.3987929821014404;9.146666526794434;0;0;0;0;0;0;0
2014-01-26;78.72560119628906;27.921295166015625;2.3701733350753784;9.12666654586792;0;0;0;0;0;0;0
2014-02-02;76.98192596435547;27.921295166015625;2.23799991607666;8.733332633972168;0;0;0;0;0;0;0
2014-02-09;76.54151916503906;25.86628532409668;2.1825079917907715;8.69333267211914;0;0;0;0;0;0;0
2014-02-16;79.51656341552734;25.86628532409668;2.29305362701416;9.19333267211914;0;0;0;0;0;0;0
2014-02-23;79.9120101928711;25.86628532409668;2.27776038646698;9.44000005722046;0;0;0;0;0;0;0
2014-03-02;77.42234802246094;26.78657531738281;2.2965493202209477;9.56666660308838;0;0;0;0;0;0;0
2014-03-09;80.77485656738281;27.34943962097168;2.273391962051392;9.633333206176758;0;0;0;0;0;0;0
2014-03-16;81.16134643554688;26.46455192565918;2.313152313232422;9.793333053588867;0;0;0;0;0;0;0
2014-03-23;82.43762969970703;26.46455192565918;2.3957347869873047;9.93333339691162;0;0;0;0;0;0;0
2014-03-30;82.6623306274414;26.46455192565918;2.4097166061401367;10.346667289733888;0;0;0;0;0;0;0
2014-04-06;83.77684020996094;25.789480209350582;2.4468560218811035;10.486666679382324;0;0;0;0;0;0;0
2014-04-13;80.79283142089844;27.3676815032959;2.3817529678344727;10.19333267211914;0;0;0;0;0;0;0
2014-04-20;73.90804290771484;27.3676815032959;2.2941458225250244;9.65999984741211;0;0;0;0;0;0;0
2014-04-27;73.70133972167969;27.3676815032959;2.317958354949951;9.773332595825195;0;0;0;0;0;0;0
2014-05-04;73.88604736328125;27.65047836303711;2.49928879737854;9.5600004196167;0;0;0;0;0;0;0
2014-05-11;72.9146728515625;27.65047836303711;2.4870545864105225;9.626667022705078;0;0;0;0;0;0;0
2014-05-18;73.59555053710938;27.65047836303711;2.5010368824005127;9.720000267028809;0;0;0;0;0;0;0
2014-05-25;75.33853149414062;27.121374130249023;2.5866761207580566;10.173333168029783;0;0;0;0;0;0;0
2014-06-01;77.36293029785156;26.93892288208008;2.7000620365142822;10.216666221618652;0;0;0;0;0;0;0
2014-06-08;78.65201568603516;26.93892288208008;2.82480788230896;10.866666793823242;0;0;0;0;0;0;0
2014-06-15;81.09398651123047;26.93892288208008;2.866828680038452;11.166666984558104;0;0;0;0;0;0;0
2014-06-22;84.6798095703125;26.300342559814453;2.9132723808288574;11.486666679382324;0;0;0;0;0;0;0
2014-06-29;83.83555603027344;26.108766555786133;2.917214870452881;11.613332748413086;0;0;0;0;0;0;0
2014-07-06;85.94164276123047;27.54556941986084;3.0083510875701904;11.473333358764648;0;0;0;0;0;0;0
2014-07-13;84.87953186035156;27.65960121154785;3.114821672439575;11.733332633972168;0;0;0;0;0;0;0
2014-07-20;80.24063873291016;27.65960121154785;3.1174511909484863;11.766667366027832;0;0;0;0;0;0;0
2014-07-27;78.9969711303711;27.65960121154785;3.0964198112487797;11.006667137145996;0;0;0;0;0;0;0
2014-08-03;83.7901611328125;27.65960121154785;3.028944253921509;10.813332557678224;0;0;0;0;0;0;0
2014-08-10;82.98223114013672;27.65960121154785;3.0377073287963867;10.666666984558104;0;0;0;0;0;0;0
2014-08-17;82.94590759277344;27.65960121154785;3.0149238109588623;10.720000267028809;0;0;0;0;0;0;0
2014-08-24;84.51638793945312;27.65960121154785;3.133225679397583;11.30666732788086;0;0;0;0;0;0;0
2014-08-31;86.87669372558594;27.65960121154785;3.1450536251068115;11.493332862854004;0;0;0;0;0;0;0
2014-09-07;88.9918441772461;27.65960121154785;3.143082857131958;11.59000015258789;0;0;0;0;0;0;0
2014-09-14;88.51072692871094;27.65960121154785;3.233820915222168;11.40666675567627;0;0;0;0;0;0;0
2014-09-21;91.53372955322266;27.65960121154785;3.388411045074463;11.31999969482422;0;0;0;0;0;0;0
2014-09-28;90.03583526611328;27.65960121154785;3.36818790435791;10.93333339691162;0;0;0;0;0;0;0
2014-10-05;88.46534729003906;27.65960121154785;3.268872737884521;10.59333324432373;0;0;0;0;0;0;0
2014-10-12;86.11415100097656;27.65960121154785;3.287748098373413;10.399999618530272;0;0;0;0;0;0;0
2014-10-19;83.35443115234375;27.65960121154785;3.109339952468872;9.733332633972168;0;0;0;0;0;0;0
2014-10-26;84.93399047851562;27.65960121154785;3.289546012878418;9.9399995803833;0;0;0;0;0;0;0
2014-11-02;88.49259185791016;27.65960121154785;3.406386613845825;10.293333053588867;0;0;0;0;0;0;0
2014-11-09;90.57144165039062;27.65960121154785;3.565471172332764;10.793333053588867;0;0;0;0;0;0;0
2014-11-16;92.55953979492188;27.65960121154785;3.5865933895111084;11.206666946411133;0;0;0;0;0;0;0
2014-11-23;95.80948638916016;27.65960121154785;3.5340137481689453;10.953332901000977;0;0;0;0;0;0;0
2014-11-30;94.2208023071289;27.65960121154785;3.666134476661682;11.399999618530272;0;0;0;0;0;0;0
2014-12-07;97.45258331298828;27.65960121154785;3.783874273300171;12.140000343322754;0;0;0;0;0;0;0
2014-12-14;97.1530303955078;27.65960121154785;3.5938165187835693;11.880000114440918;0;0;0;0;0;0;0
2014-12-21;95.94564056396484;27.65960121154785;3.5276148319244385;12.40666675567627;0;0;0;0;0;0;0
2014-12-28;99.42252349853516;27.65960121154785;3.6631710529327393;12.916666507720947;0;0;0;0;0;0;0
2015-01-04;97.88834381103516;27.65960121154785;3.589087963104248;12.80666732788086;0;0;0;0;0;0;0
2015-01-11;92.67754364013672;27.65960121154785;3.534370183944702;12.273332595825195;0;0;0;0;0;0;0
2015-01-18;93.60350036621094;27.65960121154785;3.453307867050171;11.993332862854004;0;0;0;0;0;0;0
2015-01-25;95.6006851196289;27.65960121154785;3.6131829023361206;12.25333309173584;0;0;0;0;0;0;0
2015-02-01;96.35416412353516;27.65960121154785;3.59696888923645;11.93333339691162;0;0;0;0;0;0;0
2015-02-08;93.54904174804688;27.65960121154785;3.4960896968841557;11.91333293914795;0;0;0;0;0;0;0
2015-02-15;93.88493347167967;27.65960121154785;3.6298458576202393;11.960000038146973;0;0;0;0;0;0;0
2015-02-22;94.8472137451172;27.65960121154785;3.7151869535446167;12.400000095367432;0;0;0;0;0;0;0
2015-03-01;97.9609603881836;27.65960121154785;3.7550435066223145;12.653332710266112;0;0;0;0;0;0;0
2015-03-08;98.5056381225586;27.65960121154785;3.64200496673584;12.293333053588867;0;0;0;0;0;0;0
2015-03-15;96.36322021484376;27.65960121154785;3.532844305038452;12.119999885559082;0;0;0;0;0;0;0
2015-03-22;97.26195526123048;28.09605407714844;3.564891815185547;12.399999618530272;0;0;0;0;0;0;0
2015-03-29;94.9833755493164;24.16705703735352;3.28369140625;11.733332633972168;0;0;0;0;0;0;0
2015-04-05;91.45201873779295;24.16705703735352;3.1823583841323853;11.516666412353516;0;0;0;0;0;0;0
2015-04-12;90.93456268310548;24.16705703735352;3.287301778793335;11.42666721343994;0;0;0;0;0;0;0
2015-04-19;87.27613067626953;24.88984680175781;3.249839305877685;11.266667366027832;0;0;0;0;0;0;0
2015-04-26;97.87018585205078;24.88984680175781;3.4791321754455566;10.84000015258789;0;0;0;0;0;0;0
2015-05-03;99.11814880371094;24.88984680175781;3.4475362300872803;9.07333278656006;0;0;0;0;0;0;0
2015-05-10;97.15167999267578;24.88984680175781;3.412330389022827;9.153332710266112;0;0;0;0;0;0;0
2015-05-17;99.3559341430664;24.88984680175781;3.525623083114624;9.979999542236328;0;0;0;0;0;0;0
2015-05-24;101.7248077392578;24.88984680175781;3.646138191223145;10.046667098999023;0;0;0;0;0;0;0
2015-05-31;102.71260833740234;24.88984680175781;3.7154228687286377;10.456666946411133;0;0;0;0;0;0;0
2015-06-07;101.14859008789062;24.88984680175781;3.7639448642730713;10.493332862854004;0;0;0;0;0;0;0
2015-06-14;99.00836944580078;24.88984680175781;3.725884199142456;10.4399995803833;0;0;0;0;0;0;0
2015-06-21;99.52057647705078;24.88984680175781;3.7394747734069824;10.40666675567627;0;0;0;0;0;0;0
2015-06-28;100.8467788696289;24.88984680175781;3.790210247039795;10.826666831970217;0;0;0;0;0;0;0
2015-07-05;95.66998291015624;24.88984680175781;3.705952525138855;10.646666526794434;0;0;0;0;0;0;0
2015-07-12;91.60904693603516;24.50064849853516;3.557370901107788;10.84000015258789;0;0;0;0;0;0;0
2015-07-19;94.2706069946289;24.50064849853516;3.5908918380737305;10.5600004196167;0;0;0;0;0;0;0
2015-07-26;92.2858657836914;24.50064849853516;3.4889674186706543;9.866666793823242;0;0;0;0;0;0;0
2015-08-02;90.6212387084961;25.20490455627441;3.518413543701172;9.153332710266112;0;0;0;0;0;0;0
2015-08-09;88.69140625;25.20490455627441;3.310941457748413;8.946666717529297;0;0;0;0;0;0;0
2015-08-16;88.79200744628906;25.20490455627441;3.2937281131744385;8.766667366027832;0;0;0;0;0;0;0
2015-08-23;83.15789031982422;25.20490455627441;3.2737951278686523;8.546667098999023;0;0;0;0;0;0;0
2015-08-30;80.85303497314453;25.20490455627441;3.2049400806427;8.74666690826416;0;0;0;0;0;0;0
2015-09-06;83.24935150146484;25.20490455627441;3.2502403259277344;8.680000305175781;0;0;0;0;0;0;0
2015-09-13;83.8530044555664;25.20490455627441;3.3975054025650024;8.839999675750732;0;0;0;0;0;0;0
2015-09-20;84.86824798583984;25.20490455627441;3.4341444969177246;8.720000267028809;0;0;0;0;0;0;0
2015-09-27;78.06340026855469;25.20490455627441;3.011021614074707;8.366666793823242;0;0;0;0;0;0;0
2015-10-04;78.6304931640625;25.20490455627441;3.0464797019958496;7.906667232513428;0;0;0;0;0;0;0
2015-10-11;82.37130737304688;26.51148223876953;3.1424505710601807;8.666666984558105;0;0;0;0;0;0;0
2015-10-18;80.94448852539062;26.51148223876953;3.181216239929199;8.84000015258789;0;0;0;0;0;0;0
2015-10-25;82.32559204101562;26.51148223876953;3.3466837406158447;8.9399995803833;0;0;0;0;0;0;0
2015-11-01;84.41093444824219;26.51148223876953;3.5807011127471924;9.93333339691162;0;0;0;0;0;0;0
2015-11-08;87.0816421508789;26.51148223876953;3.635541439056397;10.233332633972168;0;0;0;0;0;0;0
2015-11-15;85.53592681884766;26.51148223876953;3.612847805023194;10.4399995803833;0;0;0;0;0;0;0
2015-11-22;84.41093444824219;26.51148223876953;3.683763027191162;10.619999885559082;0;0;0;0;0;0;0
2015-11-29;83.2036361694336;26.51148223876953;3.653742790222168;10.643333435058594;0;0;0;0;0;0;0
2015-12-06;84.4383773803711;26.51148223876953;3.697000503540039;11.053333282470703;0;0;0;0;0;0;0
2015-12-13;82.19754028320312;26.51148223876953;3.744080066680908;10.686667442321776;0;0;0;0;0;0;0
2015-12-20;80.42315673828125;26.0018253326416;3.7350614070892334;10.58666706085205;0;0;0;0;0;0;0
2015-12-27;83.52372741699219;26.0018253326416;3.8105229139328;10.139999866485596;0;0;0;0;0;0;0
2016-01-03;83.54204559326172;26.0018253326416;3.801506757736206;10.139999866485596;0;0;0;0;0;0;0
2016-01-10;77.38658905029297;27.864391326904297;3.491122245788574;9.766667366027832;0;0;0;0;0;0;0
2016-01-17;75.28294372558594;27.08600807189941;3.3672518730163574;9.800000190734863;0;0;0;0;0;0;0
2016-01-24;77.9811019897461;27.12075424194336;3.2471792697906494;9.676666736602783;0;0;0;0;0;0;0
2016-01-31;82.14264678955078;27.38253402709961;3.2623658180236816;9.886667251586914;0;0;0;0;0;0;0
2016-02-07;83.21277618408203;27.38253402709961;3.3890836238861084;9.846667289733888;0;0;0;0;0;0;0
2016-02-14;75.03600311279297;27.33620262145996;3.1123945713043213;9.260000228881836;0;0;0;0;0;0;0
2016-02-21;78.58475494384766;29.828893661499023;3.2514506578445435;10.013333320617676;0;0;0;0;0;0;0
2016-02-28;81.5938949584961;29.3377685546875;3.344945907592773;10.273332595825195;0;0;0;0;0;0;0
2016-03-06;85.78287506103516;29.5416316986084;3.538106918334961;10.486666679382324;0;0;0;0;0;0;0
2016-03-13;87.74931335449219;28.605714797973636;3.7111449241638175;10.579999923706056;0;0;0;0;0;0;0
2016-03-20;88.97489929199219;28.536212921142575;3.8481366634368896;10.686667442321776;0;0;0;0;0;0;0
2016-03-27;89.36820983886719;28.29991912841797;3.9346843957901;10.573333263397217;0;0;0;0;0;0;0
2016-04-03;91.81940460205078;27.864391326904297;4.064751148223877;10.626667022705078;0;0;0;0;0;0;0
2016-04-10;92.05722045898438;30.380075454711918;4.040023326873779;10.153332710266112;0;0;0;0;0;0;0
2016-04-17;91.8011245727539;30.380075454711918;4.036067962646484;11.166666984558104;0;0;0;0;0;0;0
2016-04-24;88.1974868774414;31.01926040649414;4.058323860168457;11.56666660308838;0;0;0;0;0;0;0
2016-05-01;88.35296630859375;30.436471939086918;3.9673256874084473;11.266667366027832;0;0;0;0;0;0;0
2016-05-08;86.79340362548828;30.85947036743164;3.7116405963897705;11.013333320617676;0;0;0;0;0;0;0
2016-05-15;85.68280792236328;33.81569290161133;3.704221487045288;11.09333324432373;0;0;0;0;0;0;0
2016-05-22;87.478271484375;34.694576263427734;3.6330060958862314;11.4399995803833;0;0;0;0;0;0;0
2016-05-29;91.55048370361328;35.455955505371094;3.987106561660767;11.960000038146973;0;0;0;0;0;0;0
2016-06-05;92.62406158447266;35.455955505371094;4.110499143600464;12.170000076293944;0;0;0;0;0;0;0
2016-06-12;93.05904388427734;36.73432922363281;4.2570109367370605;12.373332977294922;0;0;0;0;0;0;0
2016-06-19;87.59858703613281;35.611045837402344;4.231871128082275;12.233332633972168;0;0;0;0;0;0;0
2016-06-26;91.15251159667967;35.30555725097656;4.343721389770508;12.626667022705078;0;0;0;0;0;0;0
2016-07-03;88.94982147216797;34.19168472290039;4.217503547668457;13.779999732971191;0;0;0;0;0;0;0
2016-07-10;88.2371826171875;37.55210113525391;4.207241535186768;13.856667041778564;0;0;0;0;0;0;0
2016-07-17;93.57732391357422;37.55210113525391;4.527403354644775;14.213333129882812;0;0;0;0;0;0;0
2016-07-24;97.76058197021484;34.27157974243164;4.592050075531006;14.273332595825195;0;0;0;0;0;0;0
2016-07-31;101.39779663085938;33.85799026489258;4.699797630310059;14.220000267028809;0;0;0;0;0;0;0
2016-08-07;101.43482971191406;34.863773345947266;4.658237457275391;13.873332977294922;0;0;0;0;0;0;0
2016-08-14;101.70321655273438;34.863773345947266;4.575632572174072;14.19333267211914;0;0;0;0;0;0;0
2016-08-21;98.77863311767578;35.0141716003418;4.655673027038574;14.69333267211914;0;0;0;0;0;0;0
2016-08-28;98.73234558105467;35.0141716003418;4.794203758239746;15.026666641235352;0;0;0;0;0;0;0
2016-09-04;99.48200988769533;34.172882080078125;4.84037971496582;15.233332633972168;0;0;0;0;0;0;0
2016-09-11;98.40845489501952;34.4619255065918;4.804209232330322;15.026666641235352;0;0;0;0;0;0;0
2016-09-18;94.58610534667967;35.573448181152344;4.785320281982422;14.846667289733888;0;0;0;0;0;0;0
2016-09-25;98.76012420654295;36.08573532104492;4.743623733520508;15.0;0;0;0;0;0;0;0
2016-10-02;101.4163055419922;36.08573532104492;4.784290313720703;14.84000015258789;0;0;0;0;0;0;0
2016-10-09;100.70367431640624;35.76614761352539;4.9505615234375;14.739999771118164;0;0;0;0;0;0;0
2016-10-16;94.93779754638672;35.76614761352539;5.079768657684326;14.260000228881836;0;0;0;0;0;0;0
2016-10-23;95.8633041381836;35.43715286254883;5.047852993011475;14.19333267211914;0;0;0;0;0;0;0
2016-10-30;96.75180053710938;35.28205871582031;5.038073539733887;14.233332633972168;0;0;0;0;0;0;0
2016-11-06;96.15019989013672;35.28205871582031;4.934089183807373;15.399999618530272;0;0;0;0;0;0;0
2016-11-13;95.94660949707033;33.82509231567383;5.045279502868652;15.273332595825195;0;0;0;0;0;0;0
2016-11-20;93.1978759765625;32.307029724121094;5.211551189422607;15.279999732971191;0;0;0;0;0;0;0
2016-11-27;97.27008056640624;31.564448356628414;5.499309301376343;15.123332977294922;0;0;0;0;0;0;0
2016-12-04;95.44683837890624;31.700740814208984;5.457612037658691;15.08666706085205;0;0;0;0;0;0;0
2016-12-11;95.2524642944336;31.9216365814209;5.3582611083984375;14.779999732971191;0;0;0;0;0;0;0
2016-12-18;96.84435272216795;33.848594665527344;5.619207859039307;14.706666946411133;0;0;0;0;0;0;0
2016-12-25;101.8512954711914;33.416202545166016;5.756405830383301;15.506667137145996;0;0;0;0;0;0;0
2017-01-01;102.8786163330078;34.48543357849121;5.776311874389648;15.853333473205566;0;0;0;0;0;0;0
2017-01-08;102.8415985107422;34.73922538757324;5.772546291351318;15.766666412353516;0;0;0;0;0;0;0
2017-01-15;105.0257797241211;34.694576263427734;5.8570170402526855;16.040000915527344;0;0;0;0;0;0;0
2017-01-22;112.7814483642578;34.77916717529297;5.974307537078857;16.233333587646484;0;0;0;0;0;0;0
2017-01-29;113.068359375;34.17758560180664;6.167999267578125;17.106666564941406;0;0;0;0;0;0;0
2017-02-05;112.64264678955078;35.93534469604492;6.307351112365723;17.040000915527344;0;0;0;0;0;0;0
2017-02-12;114.84532165527344;36.08573532104492;6.241172790527344;16.773332595825195;0;0;0;0;0;0;0
2017-02-19;117.42745208740234;38.27588653564453;6.221264362335205;16.81999969482422;0;0;0;0;0;0;0
2017-02-26;114.60469818115234;39.37565994262695;6.359538793563843;16.573333740234375;0;0;0;0;0;0;0
2017-03-05;113.74397277832033;40.27333831787109;6.382136344909668;16.8799991607666;0;0;0;0;0;0;0
2017-03-12;112.2168960571289;41.180419921875;6.584024906158447;16.746667861938477;0;0;0;0;0;0;0
2017-03-19;116.67780303955078;41.21800994873047;6.944180488586426;17.126667022705078;0;0;0;0;0;0;0
2017-03-26;119.31549835205078;39.51195526123047;7.012966632843018;16.99333381652832;0;0;0;0;0;0;0
2017-04-02;122.90642547607422;40.13703918457031;7.1516618728637695;18.11333274841309;0;0;0;0;0;0;0
2017-04-09;121.4071044921875;40.995243072509766;7.2064690589904785;18.49333381652832;0;0;0;0;0;0;0
2017-04-16;119.39876556396484;41.53196907043457;7.085391521453857;18.303333282470703;0;0;0;0;0;0;0
2017-04-23;120.36128997802734;42.068695068359375;7.615277767181396;17.906667709350586;0;0;0;0;0;0;0
2017-04-30;123.23873138427734;42.45878219604492;8.137614250183105;19.46666717529297;0;0;0;0;0;0;0
2017-05-07;126.17365264892578;43.22016525268555;8.393190383911133;21.99333381652832;0;0;0;0;0;0;0
2017-05-14;125.39786529541016;43.84994888305664;8.365230560302734;21.979999542236328;0;0;0;0;0;0;0
2017-05-21;126.0427703857422;46.82967758178711;8.459742546081543;23.166667938232425;0;0;0;0;0;0;0
2017-05-28;125.43524932861328;47.07877349853516;8.580540657043457;23.520000457763672;0;0;0;0;0;0;0
2017-06-04;125.07073974609376;49.77229118347168;8.7608962059021;24.39333438873291;0;0;0;0;0;0;0
2017-06-11;124.4631576538086;50.407840728759766;9.030049324035645;25.35333251953125;0;0;0;0;0;0;0
2017-06-18;121.16373443603516;49.468746185302734;8.566797256469727;24.47333335876465;0;0;0;0;0;0;0
2017-06-25;121.91149139404295;49.93355178833008;8.464164733886719;24.206666946411133;0;0;0;0;0;0;0
2017-07-02;123.72476196289062;49.31697845458984;8.110834121704102;23.200000762939453;0;0;0;0;0;0;0
2017-07-09;122.64988708496094;48.59130096435547;8.031757831573486;22.316665649414062;0;0;0;0;0;0;0
2017-07-16;127.91216278076172;48.37786865234375;8.669429779052734;23.13999938964844;0;0;0;0;0;0;0
2017-07-23;140.7921905517578;49.08931350708008;9.171380996704102;24.13333320617676;0;0;0;0;0;0;0
2017-07-30;143.23170471191406;49.99995422363281;9.22353744506836;24.553333282470703;0;0;0;0;0;0;0
2017-08-06;141.1566925048828;50.58333206176758;8.499495506286621;22.99333381652832;0;0;0;0;0;0;0
2017-08-13;143.12893676757812;46.49018478393555;8.704201698303223;22.406667709350582;0;0;0;0;0;0;0
2017-08-20;142.5026397705078;47.00242233276367;8.985179901123047;22.780000686645508;0;0;0;0;0;0;0
2017-08-27;143.4280242919922;47.3533935546875;8.907224655151367;23.106666564941406;0;0;0;0;0;0;0
2017-09-03;145.0169677734375;47.52413940429688;9.253262519836426;23.15999984741211;0;0;0;0;0;0;0
2017-09-10;147.00787353515625;48.35178184509277;9.275134086608888;23.46666622161865;0;0;0;0;0;0;0
2017-09-17;150.8867950439453;48.45376205444336;9.653461456298828;23.913333892822266;0;0;0;0;0;0;0
2017-09-24;155.1209716796875;48.32095336914063;9.93799877166748;25.433332443237305;0;0;0;0;0;0;0
2017-10-01;156.03697204589844;47.69488525390625;10.08757781982422;25.53333282470703;0;0;0;0;0;0;0
2017-10-08;159.3270721435547;50.175437927246094;10.395731925964355;25.666667938232425;0;0;0;0;0;0;0
2017-10-15;161.60769653320312;51.157222747802734;10.469398498535156;25.899999618530277;0;0;0;0;0;0;0
2017-10-22;164.52395629882812;51.22362518310547;11.274086952209473;27.07999992370605;0;0;0;0;0;0;0
2017-10-29;166.44004821777344;50.976993560791016;11.57774257659912;28.286666870117188;0;0;0;0;0;0;0
2017-11-05;169.55258178710938;50.611793518066406;11.630038261413574;32.733333587646484;0;0;0;0;0;0;0
2017-11-12;169.6553497314453;50.98647689819336;11.662092208862305;32.93333435058594;0;0;0;0;0;0;0
2017-11-19;168.55247497558594;52.98799896240234;11.7655611038208;33.43333435058594;0;0;0;0;0;0;0
2017-11-26;171.04806518554688;53.97452545166016;12.146256923675535;34.35999870300293;0;0;0;0;0;0;0
2017-12-03;164.05657958984375;55.700950622558594;10.945125579833984;31.03333282470703;0;0;0;0;0;0;0
2017-12-10;159.52334594726562;56.298561096191406;10.388483047485352;30.03333282470703;0;0;0;0;0;0;0
2017-12-17;162.0376739501953;57.74041366577149;10.268375396728516;31.08666610717773;0;0;0;0;0;0;0
2017-12-24;163.77618408203125;58.03446960449219;10.52720069885254;31.15333366394043;0;0;0;0;0;0;0
2017-12-31;162.6732635498047;58.8554744720459;10.422879695892334;30.32999992370605;0;0;0;0;0;0;0
2018-01-07;167.3841094970703;59.80832290649414;10.879626274108888;31.770000457763672;0;0;0;0;0;0;0
2018-01-14;169.05715942382812;60.94662857055664;10.807452201843262;32.76666641235352;0;0;0;0;0;0;0
2018-01-21;186.17132568359372;60.85177230834961;11.574615955352783;34.386667251586914;0;0;0;0;0;0;0
2018-01-28;192.0131378173828;61.37349319458008;11.795944213867188;34.026668548583984;0;0;0;0;0;0;0
2018-02-04;188.2650604248047;61.33555603027344;10.774744987487791;31.420000076293945;0;0;0;0;0;0;0
2018-02-11;174.4877166748047;58.8312873840332;9.60580825805664;28.52666664123535;0;0;0;0;0;0;0
2018-02-18;178.84335327148438;58.57516479492188;10.319687843322754;30.546667098999023;0;0;0;0;0;0;0
2018-02-25;181.712890625;60.64308166503906;10.779535293579102;31.9399995803833;0;0;0;0;0;0;0
2018-03-04;182.62884521484372;61.13634490966797;10.90951156616211;32.63999938964844;0;0;0;0;0;0;0
2018-03-11;191.6298828125;58.70796585083008;11.969852447509766;33.040000915527344;0;0;0;0;0;0;0
2018-03-18;197.71473693847656;58.70796585083008;12.610915184020996;34.9466667175293;0;0;0;0;0;0;0
2018-03-25;198.71484375;58.5372200012207;12.299997329711914;33.53333282470703;0;0;0;0;0;0;0
2018-04-01;185.59182739257807;59.35774803161621;11.46955680847168;31.193333625793457;0;0;0;0;0;0;0
2018-04-08;185.31141662597656;61.468353271484375;11.024657249450684;30.63333320617676;0;0;0;0;0;0;0
2018-04-15;192.12527465820312;62.72492980957031;11.354798316955566;31.32666778564453;0;0;0;0;0;0;0
2018-04-22;192.84503173828125;62.33206558227539;11.506866455078123;31.17333221435547;0;0;0;0;0;0;0
2018-04-29;180.8140869140625;64.39221954345703;10.585976600646973;31.299999237060547;0;0;0;0;0;0;0
2018-05-06;180.5217437744141;65.63790893554688;10.713739395141602;31.773332595825195;0;0;0;0;0;0;0
2018-05-13;186.66046142578125;64.52637481689453;11.290352821350098;32.400001525878906;0;0;0;0;0;0;0
2018-05-20;190.4229278564453;65.13963317871094;11.494430541992188;32.62666702270508;0;0;0;0;0;0;0
2018-05-27;189.630859375;65.7624740600586;11.474644660949709;31.559999465942383;0;0;0;0;0;0;0
2018-06-03;185.8589630126953;66.94107818603516;11.36582088470459;31.52999973297119;0;0;0;0;0;0;0
2018-06-10;195.7223663330078;66.94107818603516;11.345133781433104;31.76666641235352;0;0;0;0;0;0;0
2018-06-17;201.55938720703125;70.17984771728516;10.44143295288086;30.600000381469727;0;0;0;0;0;0;0
2018-06-24;194.42108154296875;66.93150329589844;9.920243263244627;28.333332061767575;0;0;0;0;0;0;0
2018-07-01;185.4346160888672;66.74944305419922;9.719608306884766;28.5;0;0;1;0;0;0;0
2018-07-08;184.11447143554688;68.36404418945312;9.80060052871704;27.49333381652832;0;0;1;0;0;0;0
2018-07-15;187.8297576904297;70.6493911743164;9.763941764831545;27.666667938232425;0;0;1;0;0;0;0
2018-07-22;202.9832763671875;74.35768127441406;10.106097221374512;28.18000030517578;0;0;1;0;0;0;0
2018-07-29;204.2940216064453;74.35768127441406;9.937292098999023;27.97333335876465;0;0;1;0;0;0;0
2018-08-05;202.26657104492188;76.19171905517578;10.64490795135498;29.459999084472656;0;0;1;0;0;0;0
2018-08-12;200.8521270751953;76.19171905517578;10.566473007202148;29.239999771118164;0;0;1;0;0;0;0
2018-08-19;186.5756072998047;76.84906005859375;9.90603256225586;27.666667938232425;0;0;1;0;0;0;0
2018-08-26;189.05560302734372;79.87702941894531;9.819640159606934;28.19333267211914;0;0;1;0;0;0;0
2018-09-02;194.90203857421875;79.87702941894531;9.837827682495115;28.666667938232425;0;0;1;0;0;0;0
2018-09-09;183.9918670654297;85.3580322265625;9.435141563415527;26.746665954589844;0;0;1;0;0;0;0
2018-09-16;172.91200256347656;84.31356048583984;8.78271484375;24.26666641235352;0;0;1;0;0;0;0
2018-09-23;177.68341064453125;84.94599914550781;8.793588638305664;24.106666564941406;0;0;1;0;0;0;0
2018-09-30;178.03233337402344;84.0452651977539;8.658522605895996;23.459999084472656;0;0;1;0;0;0;0
2018-10-07;179.2393341064453;80.15489959716797;8.598428726196289;23.100000381469727;0;0;1;0;0;0;0
2018-10-14;164.3404083251953;73.20783996582031;8.218987464904785;21.399999618530277;0;0;1;0;0;0;0
2018-10-21;166.3772430419922;76.17830657958984;8.309983253479004;21.979999542236328;0;0;1;0;0;0;0
2018-10-28;159.3992919921875;77.47190856933594;8.158891677856445;21.393333435058597;0;0;1;0;0;0;0
2018-11-04;162.5299530029297;78.81340789794922;8.111392974853516;22.5;0;0;1;0;0;0;0
2018-11-11;165.4908905029297;80.19322967529297;8.680840492248535;22.666667938232425;0;0;1;0;0;0;0
2018-11-18;161.14378356933594;75.24882507324219;8.238444328308105;22.053333282470703;0;0;1;0;0;0;0
2018-11-25;154.32611083984375;68.31612396240234;8.23214864730835;22.206665992736816;0;0;1;0;0;0;0
2018-12-02;161.57754516601562;66.61528778076172;8.742080688476562;23.286666870117188;0;0;1;0;0;0;0
2018-12-09;159.96510314941406;71.93819427490234;9.073483943939207;22.09666633605957;0;0;1;0;0;0;0
2018-12-16;152.2610321044922;76.80116271972656;8.494833946228027;20.63333320617676;0;0;1;0;0;0;0
2018-12-23;145.10386657714844;76.80116271972656;8.054400444030762;18.84000015258789;0;0;1;0;0;0;0
2018-12-30;144.1986846923828;74.99251174926758;8.112141132354736;18.81666660308838;0;0;1;0;0;0;0
2019-01-06;146.74464416503906;75.65127563476562;8.422658443450928;18.86333274841309;0;0;1;0;1;0;0
2019-01-13;152.7796630859375;76.84906005859375;8.845587730407715;20.00666618347168;0;0;1;0;1;0;0
2019-01-20;149.6395721435547;82.4067153930664;8.626291275024414;21.273332595825195;0;0;1;0;1;0;0
2019-01-27;153.42088317871094;82.4067153930664;9.24763298034668;22.07666683197021;0;0;1;0;1;0;0
2019-02-03;165.0476837158203;86.01921081542969;10.416908264160156;23.47333335876465;0;0;1;0;1;0;0
2019-02-10;170.771484375;90.02934265136719;10.768275260925291;23.726667404174805;0;0;1;0;1;0;0
2019-02-17;172.36509704589844;89.30587768554688;11.119025230407717;24.15999984741211;0;0;1;0;1;0;0
2019-02-24;173.36465454101562;84.4189682006836;11.04254913330078;23.606666564941406;0;0;1;0;1;0;0
2019-03-03;174.55279541015625;82.75167846679688;10.88498592376709;23.08666610717773;0;0;1;0;1;0;0
2019-03-10;170.8280487060547;82.75167846679688;10.392951965332031;22.58666610717773;0;0;1;0;1;0;0
2019-03-17;172.11993408203125;83.84403991699219;10.569249153137209;22.299999237060547;0;0;1;0;1;0;0
2019-03-24;179.9276885986328;84.85017395019531;11.084721565246582;23.48666763305664;0;0;1;0;1;0;0
2019-03-31;175.70321655273438;84.51478576660156;11.06370735168457;24.600000381469727;0;0;1;0;1;0;0
2019-04-07;186.46243286132807;79.77162170410156;11.806601524353027;26.06666755676269;0;0;1;0;0;0;0
2019-04-14;190.07403564453125;77.85518646240234;11.823911666870115;25.98666763305664;0;0;1;0;0;0;0
2019-04-21;192.00711059570312;86.6468276977539;12.033119201660156;26.41666603088379;0;0;1;0;0;0;0
2019-04-28;193.7893218994141;88.98967742919922;12.079166412353516;26.433332443237305;0;0;1;0;0;0;0
2019-05-05;196.91647338867188;93.80951690673828;12.78374195098877;25.68000030517578;0;0;1;0;0;0;0
2019-05-12;191.4595489501953;93.80951690673828;12.343073844909668;25.31999969482422;0;0;1;0;0;0;0
2019-05-19;191.40231323242188;93.90532684326172;12.00005340576172;24.786666870117188;0;0;1;0;0;0;0
2019-05-26;181.8526763916016;93.90532684326172;11.461732864379885;22.96666717529297;0;0;1;0;0;0;0
2019-06-02;181.07041931152344;89.16215515136719;11.008084297180176;22.546666145324707;0;0;1;0;0;0;0
2019-06-09;181.7000274658203;89.16215515136719;11.268281936645508;23.333332061767575;0;0;1;0;0;0;0
2019-06-16;188.8264923095703;94.9689483642578;11.815258026123049;23.36666679382324;0;0;1;0;0;0;0
2019-06-23;187.7675323486328;100.6607666015625;11.89723014831543;22.733333587646484;0;0;1;0;0;0;0
2019-06-30;194.98936462402344;100.6607666015625;11.888050079345703;23.01333236694336;0;0;1;0;0;0;0
2019-07-07;203.99514770507807;97.69028854370116;12.199216842651367;25.019999504089355;0;0;1;0;0;0;0
2019-07-14;198.5478363037109;92.4679946899414;12.080851554870604;25.553333282470703;0;0;1;0;0;0;0
2019-07-21;207.65858459472656;102.81675720214844;12.640231132507324;25.833332061767575;0;0;1;0;0;0;0
2019-07-28;219.6218414306641;105.0589828491211;13.820646286010742;28.02666664123535;0;0;1;0;0;0;0
2019-08-04;212.56216430664065;105.0589828491211;13.680306434631348;28.200000762939453;0;0;1;0;0;0;0
2019-08-11;205.7791748046875;105.0589828491211;12.808770179748535;28.76000022888184;0;0;1;0;0;0;0
2019-08-18;203.060302734375;107.48806762695312;13.045507431030272;29.100000381469727;0;0;1;0;0;0;0
2019-08-25;205.3594207763672;109.57218170166016;13.63964557647705;29.479999542236328;0;0;1;0;0;0;0
2019-09-01;205.82688903808597;109.57218170166016;13.330774307250977;29.793333053588867;0;0;1;0;0;0;0
2019-09-08;216.8170623779297;114.5405502319336;14.700705528259276;30.920000076293945;0;0;1;0;0;0;0
2019-09-15;233.96055603027344;105.64349365234376;15.345996856689451;31.81999969482422;0;0;1;0;0;0;0
2019-09-22;236.68898010253903;108.37442016601562;15.52764892578125;32.106666564941406;0;0;1;0;0;0;0
2019-09-29;236.14520263671875;110.3387680053711;15.623394966125488;32.400001525878906;0;0;1;0;0;0;0
2019-10-06;234.1036376953125;111.12450408935548;15.903501510620115;32.31999969482422;0;0;1;0;0;0;0
2019-10-13;236.04026794433597;112.590576171875;16.092639923095703;33.16666793823242;0;0;1;0;0;0;0
2019-10-20;242.7660675048828;109.58656311035156;16.29765510559082;33.51333236694336;0;0;1;0;0;0;0
2019-10-27;248.45187377929688;108.6618881225586;16.460569381713867;33.72666549682617;0;0;1;0;0;0;0
2019-11-03;253.43185424804688;101.36983489990234;19.15958023071289;33.86000061035156;0;0;1;0;0;0;0
2019-11-10;257.4930114746094;104.92483520507812;19.0180721282959;33.88666534423828;0;0;1;0;0;0;0
2019-11-17;258.44158935546875;106.26634216308594;18.807537078857425;33.80666732788086;0;0;1;0;0;0;0
2019-11-24;257.6175537109375;108.6043930053711;18.92281723022461;34.31999969482422;0;0;1;0;0;0;0
2019-12-01;260.1087341308594;108.6043930053711;18.588367462158203;34.63999938964844;0;0;1;0;0;0;0
2019-12-08;258.4703063964844;108.6043930053711;18.1503849029541;34.32666778564453;0;0;1;0;0;0;0
2019-12-15;272.1526794433594;119.5855712890625;19.862735748291016;34.8466682434082;0;0;1;0;0;0;0
2019-12-22;280.7090148925781;123.01119232177734;20.95684051513672;37.29999923706055;0;0;1;0;0;0;0
2019-12-29;283.7463073730469;123.01119232177734;21.23776340484619;36.36666679382324;0;0;1;0;0;0;0
2020-01-05;283.5546875;123.0830535888672;21.17645835876465;36.47666549682617;1;0;0;0;0;0;0
2020-01-12;286.28533935546875;123.37052154541016;21.365781784057617;36.3466682434082;1;0;0;0;0;0;0
2020-01-19;288.47955322265625;128.49220275878906;21.69178009033203;38.09333419799805;1;0;0;0;0;0;0
2020-01-26;283.8517150878906;128.49220275878906;22.35891819000244;37.96000099182129;1;0;0;0;0;0;0
2020-02-02;278.03570556640625;127.92206573486328;21.50858688354492;37.11333465576172;1;0;0;0;0;0;0
2020-02-09;292.2067565917969;121.9188232421875;23.33330535888672;37.400001525878906;1;0;0;0;0;0;0
2020-02-16;303.0625915527344;115.56105041503906;24.13387107849121;38.61333465576172;1;0;0;0;0;0;0
2020-02-23;300.3509521484375;113.8841667175293;23.578160285949707;37.21666717529297;1;0;0;0;0;0;0
2020-03-01;272.6796264648437;104.76194763183594;21.16311454772949;35.35333251953125;1;0;0;0;0;0;1
2020-03-08;276.0523986816406;103.29586791992188;21.574216842651367;35.52000045776367;1;0;0;0;0;0;1
2020-03-15;252.8651428222656;96.5404281616211;19.30017852783203;33.233333587646484;1;0;0;0;0;0;1
2020-03-22;207.0560302734375;72.20170593261719;14.064749717712402;27.14666748046875;1;0;0;0;0;0;1
2020-03-29;249.3199920654297;87.1808090209961;17.912534713745117;30.76666641235352;1;0;0;0;0;0;1
2020-04-05;238.58872985839844;93.3564224243164;17.128694534301758;30.100000381469727;1;0;0;0;0;0;1
2020-04-12;265.2252502441406;94.9687271118164;19.73024845123291;34.50333213806152;1;0;0;0;0;0;1
2020-04-19;276.8381042480469;97.59788513183594;20.762584686279297;35.16666793823242;1;0;0;0;0;0;1
2020-04-26;279.3771057128906;98.82546997070312;20.45273208618164;34.20000076293945;1;0;0;0;0;0;1
2020-05-03;280.1369323730469;96.9889144897461;20.08304977416992;34.7400016784668;1;0;0;0;0;0;1
2020-05-10;281.0999450683594;97.1435775756836;18.7569637298584;34.19333267211914;1;0;0;0;0;0;1
2020-05-17;285.6549072265625;89.89405822753906;19.632843017578125;35.26666641235352;1;0;0;0;0;0;1
2020-05-24;307.18756103515625;93.76046752929688;20.028600692749023;34.53333282470703;1;0;0;0;0;0;1
2020-05-31;308.025390625;95.36019897460938;20.726919174194336;34.03000068664551;1;0;0;0;0;0;1
2020-06-07;333.4871520996094;98.5934829711914;22.0035457611084;35.560001373291016;1;0;0;1;0;0;1
2020-06-14;335.0472717285156;100.71034240722656;22.82419776916504;35.99333190917969;1;0;0;1;0;0;1
2020-06-21;345.6017761230469;97.53988647460938;25.05560874938965;36.08666610717773;1;0;0;1;0;0;1
2020-06-28;350.8116149902344;96.6602783203125;24.93743324279785;39.87333297729492;1;0;0;1;0;0;1
2020-07-05;354.4131774902344;95.8628273010254;25.58981418609619;42.130001068115234;1;0;0;1;0;0;1
2020-07-12;377.4288635253906;100.17871856689452;26.74685287475586;45.98666763305664;1;0;0;1;0;0;1
2020-07-19;370.9671936035156;100.17871856689452;27.538969039916992;44.9466667175293;1;0;0;1;0;0;1
2020-07-26;370.0137939453125;99.36676025390624;28.332691192626957;45.86666870117188;1;0;0;1;0;0;1
2020-08-02;351.1293029785156;99.8500747680664;28.81259536743164;46.09999847412109;1;0;0;1;0;0;1
2020-08-09;354.8754577636719;104.68307495117188;30.4559268951416;45.88666534423828;1;0;0;1;0;0;1
2020-08-16;357.36962890625;104.0140609741211;30.0047664642334;44.38666534423828;1;0;0;1;0;0;1
2020-08-23;361.0675048828125;104.76831817626952;29.71970558166504;44.9466667175293;1;0;0;1;0;0;1
2020-08-30;365.4299621582031;104.86660766601562;28.02925682067871;43.72666549682617;1;0;0;1;0;0;1
2020-09-06;362.2423706054688;104.86660766601562;27.194019317626957;43.45333480834961;1;0;0;1;0;0;1
2020-09-13;345.93878173828125;108.74639892578124;23.892184257507324;40.41666603088379;1;0;0;1;0;0;1
2020-09-20;353.1708679199219;108.8072280883789;24.482282638549805;41.21333312988281;1;0;0;1;0;0;1
2020-09-27;347.1425476074219;115.37653350830078;25.447677612304688;42.43333435058594;1;0;0;1;0;0;1
2020-10-04;357.3310546875;123.8923110961914;26.87860679626465;43.606666564941406;1;0;0;1;0;0;1
2020-10-11;366.79736328125;128.6611328125;27.717084884643555;43.46666717529297;1;0;0;1;0;0;1
2020-10-18;383.30316162109375;136.82655334472656;29.995241165161133;46.23333358764648;1;0;0;1;0;0;1
2020-10-25;368.8293151855469;139.68783569335938;29.14393615722656;46.46666717529297;1;0;0;1;0;0;1
2020-11-01;352.8145751953125;128.7097930908203;27.56157493591309;45.15999984741211;1;0;0;1;0;0;1
2020-11-08;370.2602844238281;130.3156280517578;30.48823356628418;45.573333740234375;1;0;0;1;0;0;1
2020-11-15;398.99163818359375;134.06256103515625;33.543949127197266;47.880001068115234;1;0;0;1;0;0;1
2020-11-22;409.71282958984375;136.08200073242188;34.760780334472656;51.959999084472656;1;0;0;1;0;0;1
2020-11-29;410.157470703125;128.92633819580078;35.89265060424805;54.21000099182129;1;0;0;1;0;0;1
2020-12-06;435.9984130859375;131.09422302246094;38.41450119018555;59.01333236694336;1;0;0;1;0;0;1
2020-12-13;442.5721740722656;133.30831909179688;39.68707275390625;58.40666580200195;1;0;0;1;0;0;1
2020-12-20;455.8455505371094;127.4446029663086;39.52955627441406;58.380001068115234;1;0;0;1;0;0;1
2020-12-27;460.3408203125;127.81685638427734;38.46671104431152;58.61666679382324;1;0;0;1;0;0;1
2021-01-03;471.49700927734375;130.29129791259766;38.14645767211914;62.226667404174805;1;0;0;1;0;0;0
2021-01-10;484.7509460449219;131.1428680419922;39.90083694458008;63.50666809082031;1;0;0;1;0;0;0
2021-01-17;496.9608459472656;135.25962829589844;43.11145782470703;68.413330078125;1;0;0;1;0;0;0
2021-01-24;531.2220458984375;145.48829650878906;45.32794952392578;71.91666412353516;1;0;0;1;0;0;0
2021-01-31;529.0177001953125;155.7169647216797;41.391632080078125;69.33333587646484;1;0;0;1;0;0;0
2021-02-07;535.0889282226562;160.58311462402344;40.96730041503906;64.34666442871094;1;0;0;1;0;0;0
2021-02-14;548.0335693359375;158.38360595703125;42.81731796264648;66.66000366210938;1;0;0;1;0;0;0
2021-02-21;574.6285400390625;159.25950622558594;47.32343482971192;68.83333587646484;1;0;0;1;0;0;0
2021-02-28;556.9082641601562;150.85081481933594;45.58271408081055;71.46666717529297;1;0;0;1;0;0;0
2021-03-07;525.5182495117188;143.98953247070312;44.30006790161133;67.16666412353516;1;0;0;1;0;0;0
2021-03-14;519.7469482421875;146.4712677001953;42.17760467529297;63.380001068115234;1;0;0;1;0;0;0
2021-03-21;529.2112426757812;147.7656707763672;44.664981842041016;64.55999755859375;1;0;0;1;0;0;0
2021-03-28;559.3347778320312;149.9262237548828;45.5001220703125;67.34666442871094;1;0;0;1;0;0;0
2021-04-04;596.8246459960938;145.30337524414062;48.09035873413086;71.69000244140625;1;0;0;1;0;0;0
2021-04-11;613.2206420898438;152.16465759277344;54.42389678955078;75.66666412353516;1;0;0;1;0;0;0
2021-04-18;610.0012817382812;167.6390380859375;53.12177276611328;75.586669921875;1;0;0;1;0;0;0
2021-04-25;625.56591796875;171.2886505126953;51.2060661315918;75.4000015258789;1;0;0;1;0;0;0
2021-05-02;643.208740234375;171.2886505126953;52.79068374633789;75.94000244140625;1;0;0;1;0;0;0
2021-05-09;624.7252807617188;171.2886505126953;50.83626556396485;75.33333587646484;1;0;0;1;0;0;0
2021-05-16;608.165283203125;166.5684814453125;48.30038070678711;71.24666595458984;1;0;0;1;0;0;0
2021-05-23;616.0089721679688;169.34219360351562;49.59756088256836;68.76000213623047;1;0;0;1;0;0;0
2021-05-30;645.5030517578125;177.9552764892578;52.74127197265625;72.13333129882812;1;0;0;1;0;0;0
2021-06-06;653.5697631835938;178.20819091796875;53.45327377319336;73.93333435058594;1;0;0;1;0;0;0
2021-06-13;661.8109741210938;180.1562042236328;52.77421188354492;72.83333587646484;1;0;0;1;0;0;0
2021-06-20;677.7698364257812;183.1832275390625;53.68022918701172;74.31999969482422;1;0;0;1;0;0;0
2021-06-27;664.932861328125;182.060302734375;52.45995330810547;73.33999633789062;1;0;0;1;0;0;0
2021-07-04;669.8097534179688;193.6703643798828;54.37104415893555;72.13333129882812;1;0;0;1;0;0;0
2021-07-11;666.6101684570312;193.9730682373047;51.535505294799805;69.93666458129883;1;0;0;1;0;0;0
2021-07-18;684.9154052734375;195.29129028320312;51.92713165283203;69.52666473388672;1;0;0;1;0;0;0
2021-07-25;699.0516967773438;203.1029357910156;53.44407653808594;69.1933364868164;1;0;0;1;0;0;0
2021-08-01;736.7286376953125;212.86749267578125;53.36591339111328;68.73332977294922;1;0;0;1;0;0;0
2021-08-08;759.4357299804688;218.5602569580078;54.26179122924805;71.33333587646484;1;0;0;1;0;0;0
2021-08-15;764.9427490234375;225.75672912597656;51.1405143737793;68.9800033569336;1;0;0;1;0;0;0
2021-08-22;757.7196655273438;215.2305145263672;48.5033073425293;66.66666412353516;1;0;0;1;0;0;0
2021-08-29;786.2537231445312;214.5274658203125;49.21261596679688;68.5;1;0;0;1;0;0;0
2021-09-05;816.5330810546875;221.65560913085935;50.82955932617188;72.0999984741211;1;0;0;1;0;0;0
2021-09-12;831.98779296875;224.37015533447263;49.86981391906738;78.3066635131836;1;0;0;1;0;0;0
2021-09-19;860.2988891601562;228.4907989501953;51.17916488647461;84.38666534423828;1;0;0;1;0;0;0
2021-09-26;838.4159545898438;229.16455078125;50.51692962646485;82.8933334350586;1;0;0;1;0;0;0
2021-10-03;727.5759887695312;195.29129028320312;47.99811935424805;76.16666412353516;1;0;0;1;0;0;0
2021-10-10;710.2015991210938;181.6208953857422;46.481666564941406;69.6866683959961;1;0;0;1;0;0;0
2021-10-17;721.7587280273438;180.6444396972656;46.54148483276367;68.97333526611328;1;0;0;1;0;0;0
2021-10-24;764.225341796875;190.01844787597656;47.64175415039063;74.3066635131836;1;0;0;1;0;0;0
2021-10-31;776.6163330078125;196.5118560791016;46.640899658203125;74.72000122070312;1;0;0;1;0;0;0
2021-11-07;806.8453369140625;203.1029357910156;48.98128509521485;82.0;1;0;0;1;0;0;0
2021-11-14;826.1993408203125;204.0793914794922;51.70246124267578;84.57333374023438;1;0;0;1;0;0;0
2021-11-21;835.4635009765625;201.2135009765625;53.4345932006836;88.6066665649414;1;0;0;1;0;0;0
2021-11-28;779.9867553710938;191.02417755126956;55.07614326477051;89.62333297729492;1;0;0;1;0;0;0
2021-12-05;769.41064453125;187.7823486328125;57.2754135131836;87.80000305175781;1;0;0;1;0;0;0
2021-12-12;760.0105590820312;192.17149353027344;59.47509765625;91.32666778564452;1;0;0;1;0;0;0
2021-12-19;733.9200439453125;203.39588928222656;57.34708023071289;90.57333374023438;1;0;0;1;0;0;0
2021-12-26;770.0034790039062;198.88954162597656;58.01704406738281;91.8933334350586;1;0;0;1;0;0;0
2022-01-02;779.588134765625;204.31863403320312;60.71929168701172;96.3000030517578;1;0;0;0;0;0;0
2022-01-09;741.813232421875;197.68359375;59.26368713378906;94.97333526611328;1;0;0;0;0;0;0
2022-01-16;709.6957397460938;176.3773193359375;57.947391510009766;94.50666809082033;1;0;0;0;0;0;0
2022-01-23;686.7350463867188;157.88812255859375;53.29349899291992;89.49666595458984;1;0;0;0;0;0;0
2022-01-30;630.4614868164062;151.7608642578125;49.66545486450195;82.24666595458984;1;0;0;0;0;0;0
2022-02-06;658.2921752929688;157.25831604003906;49.770145416259766;81.09333038330078;1;1;0;0;0;0;0
2022-02-13;635.224609375;154.75857543945312;48.6573371887207;80.91999816894531;1;1;0;0;0;0;0
2022-02-20;632.2696533203125;155.54949951171875;49.0220832824707;82.04000091552734;1;1;0;0;0;0;0
2022-02-27;629.7421875;146.88346099853516;47.39169692993164;78.12333297729492;1;1;0;0;0;0;0
2022-03-06;616.5025634765625;151.38978576660156;45.88965606689453;81.3933334350586;1;1;0;0;0;0;0
2022-03-13;569.49267578125;147.1519775390625;41.40293884277344;75.46666717529297;1;1;0;0;0;0;0
2022-03-20;632.4639892578125;164.31808471679688;43.57881164550781;80.49333190917969;1;1;0;0;0;0;0
2022-03-27;668.1683959960938;156.5650177001953;46.31216812133789;83.87333679199219;1;1;0;0;0;0;0
2022-04-03;665.4465942382812;161.74835205078125;46.46464157104492;85.65333557128906;1;1;0;0;0;0;0
2022-04-10;610.9615478515625;156.53126525878906;42.63437271118164;77.04666900634766;1;1;0;0;0;0;0
2022-04-17;581.1771240234375;139.02982330322266;39.79385948181152;72.62999725341797;1;1;0;0;0;0;0
2022-04-24;599.9187622070312;138.81124877929688;39.85696792602539;71.66666412353516;1;1;0;0;0;0;0
2022-05-01;548.0291748046875;124.3515396118164;39.45123672485352;70.86000061035156;1;1;0;0;0;0;0
2022-05-08;555.1448364257812;119.11579132080078;40.76921463012695;70.27999877929688;1;1;0;0;0;0;0
2022-05-15;511.5283508300781;113.11383819580078;38.88880157470703;68.78666687011719;1;1;0;0;0;0;0
2022-05-22;521.7910766601562;125.2650909423828;40.4439582824707;75.78666687011719;1;1;0;0;0;0;0
2022-05-29;543.109619140625;127.6423110961914;41.299461364746094;77.26667022705078;1;1;0;0;0;0;0
2022-06-05;564.3399658203125;133.04013061523438;43.791839599609375;75.86333465576172;1;1;0;0;0;0;0
2022-06-12;555.6736450195312;131.65016174316406;43.37891387939453;72.83333587646484;1;1;0;0;0;0;0
2022-06-19;480.9851684570313;113.41834259033205;37.868988037109375;63.70000076293945;1;1;0;0;0;0;0
2022-06-26;475.4327087402344;113.55096435546876;37.62840270996094;56.62666702270508;1;1;0;0;0;0;0
2022-07-03;474.5709838867188;117.4163818359375;37.42813873291016;55.77333450317383;1;1;0;0;0;0;0
2022-07-10;440.5023498535156;121.67472457885742;35.34529113769531;52.55999946594238;1;1;0;0;0;0;0
2022-07-17;437.7409057617188;124.64623260498048;36.109981536865234;51.400001525878906;1;1;0;0;0;0;0
2022-07-24;503.7530212402344;130.89376831054688;40.66568756103516;54.41999816894531;1;1;0;0;0;0;0
2022-07-31;534.8544311523438;138.9487762451172;40.987342834472656;57.27999877929688;1;1;0;0;0;0;0
2022-08-07;566.69677734375;140.2257843017578;45.57197189331055;58.88666534423828;1;1;0;0;0;0;0
2022-08-14;555.643798828125;140.2061309814453;43.59911346435547;57.31999969482422;1;1;0;0;0;0;0
2022-08-21;550.9810791015625;135.80535888671875;44.09780502319336;56.87333297729492;1;1;0;0;0;0;0
2022-08-28;515.7803955078125;125.40262603759766;40.57979202270508;54.400001525878906;1;1;0;0;0;0;0
2022-09-04;480.9330139160156;122.81912231445312;38.37994766235352;52.37333297729492;1;1;0;0;0;0;0
2022-09-11;467.9167785644531;122.13641357421876;38.17573928833008;49.48666572570801;1;1;0;0;0;0;0
2022-09-18;462.4393310546875;114.59713745117188;38.33053207397461;49.133331298828125;1;1;0;0;0;0;0
2022-09-25;446.5568542480469;107.66197204589844;36.34053421020508;47.09999847412109;1;1;0;0;0;0;0
2022-10-02;422.8900451660156;101.12955474853516;33.86009216308594;43.88666534423828;1;1;0;0;0;0;0
2022-10-09;453.6441040039063;110.96255493164062;36.24481201171875;44.16666793823242;1;1;0;0;0;0;0
2022-10-16;392.2145080566406;109.67572021484376;29.813549041748047;41.31999969482422;1;1;0;0;0;0;0
2022-10-23;416.224853515625;111.6207046508789;30.089754104614254;41.46666717529297;1;1;0;0;0;0;0
2022-10-30;475.1905212402344;117.89771270751952;35.15090560913086;44.66666793823242;1;1;0;0;0;0;0
2022-11-06;461.5280456542969;119.19436645507812;36.89933395385742;43.90666580200195;1;1;0;0;0;0;0
2022-11-13;495.8206481933594;120.70713806152344;40.55298614501953;47.32666778564453;1;1;0;0;0;0;0
2022-11-20;579.9425659179688;134.94091796875;42.038875579833984;54.1533317565918;1;1;0;0;0;0;0
2022-11-27;587.0118408203125;133.2365951538086;41.42583084106445;54.19000053405762;1;1;0;0;0;0;0
2022-12-04;596.365234375;133.00575256347656;41.72072982788086;56.400001525878906;1;1;0;0;0;0;0
2022-12-11;591.5210571289062;129.87216186523438;41.039772033691406;55.51333236694336;1;1;0;0;0;0;0
2022-12-18;600.5791015625;130.3760986328125;42.32511520385742;55.400001525878906;1;1;0;0;0;0;0
2022-12-25;554.4716186523438;121.04603576660156;40.01797103881836;52.19333267211914;1;1;0;0;0;0;0
2023-01-01;537.97021484375;122.7326774597168;37.778079986572266;48.72333335876465;0;0;0;0;0;0;0
2023-01-08;556.5982666015625;124.20075607299805;38.40758895874024;49.48000144958496;0;0;0;0;0;0;0
2023-01-15;634.7340087890625;139.2827606201172;42.482948303222656;55.46666717529297;0;0;0;0;0;0;0
2023-01-22;642.2265014648438;142.13639068603516;42.90750694274902;58.59333419799805;0;0;0;0;0;0;0
2023-01-29;665.6004028320312;141.73854064941406;44.688079833984375;59.186668395996094;0;0;0;0;0;0;0
2023-02-05;668.0617065429688;144.06173706054688;48.4258041381836;60.68000030517578;0;0;0;0;0;0;0
2023-02-12;653.9983520507812;139.58236694335938;47.388214111328125;60.53333282470703;0;0;0;0;0;0;0
2023-02-19;659.869384765625;141.5322723388672;46.69098663330078;58.206668853759766;0;0;0;0;0;0;0
2023-02-26;621.4262084960938;136.22283935546875;43.777658462524414;56.01666641235352;0;0;0;0;0;0;0
2023-03-05;615.8905639648438;135.36331176757812;44.832645416259766;57.686668395996094;0;0;0;0;0;0;0
2023-03-12;601.0304565429688;140.03915405273438;44.39710998535156;58.73333358764648;0;0;0;0;0;0;0
2023-03-19;612.072021484375;143.54110717773438;45.36268615722656;59.31999969482422;0;0;0;0;0;0;0
2023-03-26;637.7567138671875;141.1356658935547;46.59138488769531;61.19333267211914;0;0;0;0;0;0;0
2023-04-02;650.3770141601562;136.4051055908203;47.361846923828125;61.33333206176758;0;0;0;0;0;0;0
2023-04-09;655.0936889648438;135.4418487548828;45.82735061645508;58.96500015258789;0;0;0;0;0;0;0
2023-04-16;652.8635864257812;138.10379028320312;45.99264907836914;59.0;0;0;0;0;0;0;0
2023-04-23;626.053955078125;134.3280487060547;45.49032974243164;57.15999984741211;0;0;0;0;0;0;0
2023-04-30;619.0580444335938;133.33360290527344;47.23604202270508;57.25;0;0;0;0;0;0;0
2023-05-07;628.4410400390625;131.5764617919922;47.92477416992188;57.43000030517578;0;0;0;0;0;0;0
2023-05-14;643.4234619140625;122.30550384521484;48.40412902832031;58.68999862670898;0;0;0;0;0;0;0
2023-05-21;663.5220947265625;118.2048797607422;52.72110366821289;64.87000274658203;0;0;0;0;0;0;0
2023-05-28;691.3692626953125;115.25520324707033;53.72757339477539;67.55000305175781;0;0;0;0;0;0;0
2023-06-04;719.2064819335938;114.44597244262695;56.77728271484375;69.26000213623047;0;0;0;0;0;0;0
2023-06-11;709.1719360351562;116.81324005126952;56.08855056762695;68.66000366210938;0;0;0;0;0;0;0
2023-06-18;729.59716796875;119.32908630371094;58.63896942138672;71.4000015258789;0;0;0;0;0;0;0
2023-06-25;709.9439086914062;114.03937911987305;57.74380493164063;70.0099983215332;0;0;0;0;0;0;0
2023-07-02;716.6532592773438;105.32852935791016;60.63893127441406;70.05000305175781;0;0;0;0;0;0;0
2023-07-09;708.2219848632812;107.20600509643556;58.996849060058594;71.95499801635742;0;0;0;0;0;0;0
2023-07-16;717.3162841796875;113.66447448730467;59.26596832275391;71.1500015258789;0;0;0;0;0;0;0
2023-07-23;708.3308715820312;112.15795135498048;60.4434700012207;73.30999755859375;0;0;0;0;0;0;0
2023-07-30;680.147216796875;112.8166275024414;61.40000534057617;70.5;0;0;0;0;0;0;0
2023-08-06;677.457763671875;110.64745330810548;65.47168731689453;74.11000061035156;0;0;0;0;0;0;0
2023-08-13;672.2507934570312;105.71482849121094;64.81352233886719;71.73999786376953;0;0;0;0;0;0;0
2023-08-20;646.35498046875;98.34558868408205;61.65496063232422;70.16000366210938;0;0;0;0;0;0;0
2023-08-27;657.0862426757812;95.46326446533205;62.965599060058594;72.27999877929688;0;0;0;0;0;0;0
2023-09-03;657.0862426757812;98.16729736328124;64.82674407958984;72.88999938964844;0;0;0;0;0;0;0
2023-09-10;657.0862426757812;92.2491340637207;64.82108497619629;73.30500030517578;0;0;0;0;0;0;0
2023-09-17;613.7247924804688;89.66890716552734;63.54729461669922;70.30000305175781;0;0;0;0;0;0;0
2023-09-24;585.0419921875;85.66238403320312;60.276954650878906;69.36000061035156;0;0;0;0;0;0;0
2023-10-01;575.8877563476562;84.82542419433594;60.42104721069336;68.05000305175781;0;0;0;0;0;0;0
2023-10-08;577.4052124023438;83.04254150390625;61.153202056884766;65.86000061035156;0;0;0;0;0;1;0
2023-10-15;597.2113647460938;81.85395812988281;62.479248046875;69.04000091552734;0;0;0;0;0;1;0
2023-10-22;582.9096069335938;81.3290023803711;62.52890396118164;68.8499984741211;0;0;0;0;0;1;0
2023-10-29;583.3757934570312;79.04096984863281;56.9686393737793;65.87000274658203;0;0;0;0;0;1;0
2023-11-05;604.8265991210938;86.13286590576172;59.06481170654297;68.87999725341797;0;0;0;0;0;1;0
2023-11-12;633.8314208984375;89.94624328613281;63.0488166809082;71.75;0;0;0;0;0;1;0
2023-11-19;674.161865234375;93.21485900878906;67.94800567626953;79.30000305175781;0;0;0;0;0;1;0
2023-11-26;680.9232788085938;93.90572357177734;69.85432052612305;80.63999938964844;0;0;0;0;0;1;0
2023-12-03;683.7173461914062;91.68950653076172;69.70244598388672;80.9800033569336;0;0;0;0;0;1;0
2023-12-10;690.5983276367188;91.28340911865234;68.46109008789062;77.62000274658203;0;0;0;0;0;1;0
2023-12-17;731.12744140625;100.61380767822266;71.72100067138672;85.06999969482422;0;0;0;0;0;1;0
2023-12-24;740.5040893554688;109.3994369506836;75.84766387939453;87.58999633789062;0;0;0;0;0;1;0
2023-12-31;753.5597534179688;109.65102005004884;77.34914779663086;89.51499938964844;0;0;0;0;0;1;0
2024-01-07;699.38818359375;102.42392349243164;71.72247314453125;84.6150016784668;0;0;0;0;0;0;0
2024-01-14;713.7265014648438;110.9168701171875;73.9185791015625;87.30000305175781;0;0;0;0;0;0;0
2024-01-21;709.182373046875;109.7362060546875;75.5035285949707;91.89500045776369;0;0;0;0;0;0;0
2024-01-28;842.5133666992188;105.59398651123048;81.91219329833984;95.9800033569336;0;0;0;0;0;0;0
2024-02-04;877.6234130859375;107.8245620727539;81.59490966796875;94.6500015258789;0;0;0;0;0;0;0
2024-02-11;918.614013671875;111.99451446533205;83.11103820800781;96.86000061035156;0;0;0;0;0;0;0
2024-02-18;925.2977294921876;117.6838836669922;89.2087631225586;112.33999633789062;0;0;0;0;0;0;0
2024-02-25;925.2977294921876;120.2750015258789;89.3488655090332;119.04499816894533;0;0;0;0;0;0;0
2024-03-03;943.8746337890624;120.10662078857422;91.5976791381836;120.9000015258789;0;0;0;0;0;0;0
2024-03-10;994.1267700195312;126.5745086669922;95.43145751953124;130.49000549316406;0;0;0;0;0;0;0
2024-03-17;958.8954467773438;130.49684143066406;90.66580963134766;123.43000030517578;0;0;0;0;0;0;0
2024-03-24;967.1130981445312;128.17999267578125;92.85440063476562;125.66999816894533;0;0;0;0;0;0;0
2024-03-31;967.4916381835938;128.11999893188477;94.83705520629884;128.90499877929688;0;0;0;0;0;0;0
2024-04-07;975.709228515625;120.43499755859376;94.76220703125;127.94000244140624;0;0;0;0;0;0;0
2024-04-14;978.85693359375;112.9530029296875;94.63306427001952;126.83000183105467;0;0;0;0;0;0;0
2024-04-21;904.0513305664062;103.7300033569336;89.25206756591797;118.97000122070312;0;0;0;0;0;0;0
2024-04-28;898.0350341796875;107.33799743652344;86.82181549072266;109.66000366210938;0;0;0;0;0;0;0
2024-05-05;870.8563842773438;105.2699966430664;87.50569152832031;112.4000015258789;0;0;0;0;0;0;0
2024-05-12;911.8504638671876;102.06999969482422;89.51133728027344;116.4499969482422;0;0;0;0;0;0;0
2024-05-19;917.83935546875;103.98999786376952;89.27946472167969;115.18000030517578;0;0;0;0;0;0;0
2024-05-26;932.5221557617188;101.29399871826172;94.31411743164062;116.20999908447266;0;0;0;0;0;0;0
2024-06-02;958.5739135742188;95.58499908447266;93.13714981079102;110.33499908447266;0;0;0;0;0;0;0
2024-06-09;1026.51806640625;91.98999786376952;94.13703918457033;110.4000015258789;0;0;0;0;0;0;0
2024-06-16;1039.783447265625;92.69000244140624;101.35636901855467;112.0999984741211;0;0;0;0;0;0;0
2024-06-23;1050.5235595703125;70.63000106811523;105.33011627197266;108.72500228881836;0;0;0;0;0;0;0
2024-06-30;1020.8385009765624;71.58999633789062;105.25584411621094;109.3000030517578;0;0;0;0;0;0;0
2024-07-07;1069.4285888671875;70.67499923706055;107.45116806030272;111.0749969482422;0;0;0;0;0;0;0
2024-07-14;1075.3974609375;70.18000030517578;109.82694244384766;115.4000015258789;0;0;0;0;0;0;0
2024-07-21;930.3362426757812;67.75;96.47455596923828;100.91999816894533;0;0;0;0;0;0;0
2024-07-28;886.7470092773438;66.55000305175781;90.71109008789062;94.61000061035156;0;0;0;0;0;0;0
2024-08-04;870.5499877929688;68.06999969482422;85.22676849365234;92.12000274658205;0;0;0;0;0;0;0
2024-08-11;843.010009765625;68.43000030517578;76.80538177490234;86.52999877929688;0;0;0;0;0;0;0
2024-08-18;879.5800170898438;68.44999694824219;84.27665710449219;95.22000122070312;0;0;0;0;0;0;0
2024-08-25;926.1799926757812;69.9000015258789;86.02434539794922;96.55999755859376;0;0;0;0;0;0;0
2024-09-01;888.1300048828125;72.6449966430664;81.64266967773438;89.62999725341797;0;0;0;0;0;0;0
2024-09-08;811.47998046875;66.60499954223633;75.78748321533203;79.21500015258789;0;0;0;0;0;0;0
2024-09-15;800.1400146484375;63.83599853515625;74.55123901367188;82.0;0;0;0;0;0;0;0
2024-09-22;803.0399780273438;65.32499694824219;76.60399627685547;83.3499984741211;0;0;0;0;0;0;0
2024-09-29;818.1799926757812;70.80000305175781;80.375;85.47000122070312;0;0;0;0;0;0;0
2024-10-06;832.4099731445312;74.76000213623047;81.40899658203125;88.83000183105469;0;0;0;0;0;0;0
2024-10-13;833.969970703125;72.77999877929688;82.05999755859375;86.79000091552734;0;0;0;0;0;0;0
2024-10-20;723.260009765625;67.09400177001953;74.13999938964844;81.54000091552734;0;0;0;0;0;0;0
2024-10-27;711.7000122070312;67.52999877929688;73.0;76.70999908447266;0;0;0;0;0;0;0
2024-11-03;708.6500244140625;67.67000198364258;76.87999725341797;78.45999908447266;0;0;0;0;0;0;0
